001-A_01,0.0140234
001-A_02,0.0272266
001-A_03,0.0198568
001-A_04,0.0221484
001-A_05,0.0127995
001-B_06,0.0195703
001-B_07,0.0207943
001-B_08,0.0105859
001-B_09,0.0140885
001-B_10,0.0103516
002-A_01,0.147852
002-A_02,0.14418
002-A_03,0.0955469
002-A_04,0.102682
002-A_05,0.122122
002-B_06,0.0792188
002-B_07,0.0710677
002-B_08,0.0790365
002-B_09,0.0958333
002-B_10,0.0804557
003-A_01,0.0301172
003-A_02,0.0176953
003-A_03,0.0253385
003-A_04,0.0500391
003-A_05,0.0402083
003-B_06,0.0390365
003-B_07,0.0324349
003-B_08,0.0166016
003-B_09,0.0285547
003-B_10,0.0319271
004-A_01,0.125326
004-A_02,0.151654
004-A_03,0.133958
004-A_04,0.120794
004-A_05,0.120573
004-B_06,0.124779
004-B_07,0.124284
004-B_08,0.11888
004-B_09,0.100638
004-B_10,0.0989453
005-A_01,0.0786068
005-A_02,0.0707943
005-A_03,0.0683333
005-A_04,0.0698177
005-A_05,0.0641146
005-B_06,0.0634635
005-B_07,0.0757552
005-B_08,0.0769401
005-B_09,0.0764844
005-B_10,0.0716536
006-A_01,0.0607161
006-A_02,0.0540365
006-A_03,0.0515625
006-A_04,0.0530469
006-A_05,0.0497526
006-B_06,0.0541016
006-B_07,0.0579948
006-B_08,0.0644271
006-B_09,0.0584505
006-B_10,0.0579036
007-A_01,0.152695
007-A_02,0.129258
007-A_03,0.156784
007-A_04,0.147604
007-A_05,0.156654
007-B_06,0.158711
007-B_07,0.142266
007-B_08,0.157695
007-B_09,0.145924
007-B_10,0.137331
008-A_01,0.143659
008-A_02,0.144063
008-A_03,0.146133
008-A_04,0.145755
008-A_05,0.141758
008-B_06,0.155026
008-B_07,0.164036
008-B_08,0.15569
008-B_09,0.169336
008-B_10,0.143607
009-A_01,0.0603125
009-A_02,0.0688672
009-A_03,0.0551563
009-A_04,0.0714193
009-A_05,0.0803385
009-B_06,0.0817969
009-B_07,0.0599349
009-B_08,0.0885937
009-B_09,0.0821745
009-B_10,0.0707161
010-A_01,0.271771
010-A_02,0.272513
010-A_03,0.277513
010-A_04,0.114102
010-A_05,0.253424
010-B_06,0.0886719
010-B_07,0.115339
010-B_08,0.279206
010-B_09,0.11237
010-B_10,0.118893
011-A_01,0.120638
011-A_02,0.115247
011-A_03,0.12263
011-A_04,0.135508
011-A_05,0.125651
011-B_06,0.131875
011-B_07,0.126888
011-B_08,0.126289
011-B_09,0.134115
011-B_10,0.140143
012-A_01,0.0514974
012-A_02,0.0483333
012-A_03,0.0498828
012-A_04,0.0594271
012-A_05,0.0504948
012-B_06,0.0676432
012-B_07,0.058776
012-B_08,0.0685156
012-B_09,0.0612891
012-B_10,0.0757292
013-A_01,0.10457
013-A_02,0.306354
013-A_03,0.232552
013-A_04,0.0932552
013-A_05,0.306693
013-B_06,0.0973568
013-B_07,0.117656
013-B_08,0.293568
013-B_09,0.109714
013-B_10,0.116732
014-A_01,0.125326
014-A_02,0.130729
014-A_03,0.125846
014-A_04,0.124753
014-A_05,0.12694
014-B_06,0.156966
014-B_07,0.114583
014-B_08,0.133984
014-B_09,0.119544
014-B_10,0.112708
015-A_01,0.143151
015-A_02,0.158216
015-A_03,0.133047
015-A_04,0.142708
015-A_05,0.143945
015-B_06,0.105365
015-B_07,0.106563
015-B_08,0.100143
015-B_09,0.109609
015-B_10,0.104375
016-A_01,0.0184245
016-A_02,0.0240365
016-A_03,0.0197135
016-A_04,0.0299479
016-A_05,0.0270052
016-B_06,0.0216667
016-B_07,0.018737
016-B_08,0.0171354
016-B_09,0.0278125
016-B_10,0.0340365
017-A_01,0.090026
017-A_02,0.091263
017-A_03,0.0919271
017-A_04,0.0875
017-A_05,0.091263
017-B_06,0.128086
017-B_07,0.117318
017-B_08,0.115417
017-B_09,0.103867
017-B_10,0.0985807
018-A_01,0.191797
018-A_02,0.185495
018-A_03,0.183451
018-A_04,0.187435
018-A_05,0.18681
018-B_06,0.171211
018-B_07,0.169049
018-B_08,0.167786
018-B_09,0.160495
018-B_10,0.166549
019-A_01,0.142539
019-A_02,0.142318
019-A_03,0.134753
019-A_04,0.242539
019-A_05,0.142604
019-B_06,0.115599
019-B_07,0.121016
019-B_08,0.111185
019-B_09,0.125339
019-B_10,0.121159
020-A_01,0.0682552
020-A_02,0.0876172
020-A_03,0.0690234
020-A_04,0.0719792
020-A_05,0.0738151
020-B_06,0.127539
020-B_07,0.114727
020-B_08,0.126628
020-B_09,0.126484
020-B_10,0.102826
021-A_01,0.0709896
021-A_02,0.109935
021-A_03,0.106719
021-A_04,0.104102
021-A_05,0.104922
021-B_06,0.102188
021-B_07,0.0866797
021-B_08,0.0911719
021-B_09,0.0891797
021-B_10,0.0864453
022-A_01,0.112682
022-A_02,0.113672
022-A_03,0.118008
022-A_04,0.112747
022-A_05,0.11276
022-B_06,0.0790104
022-B_07,0.08
022-B_08,0.0779688
022-B_09,0.0782292
022-B_10,0.0710286
023-A_01,0.113906
023-A_02,0.126367
023-A_03,0.127474
023-A_04,0.13082
023-A_05,0.123841
023-B_06,0.139596
023-B_07,0.142591
023-B_08,0.148568
023-B_09,0.148151
023-B_10,0.146484
024-A_01,0.179414
024-A_02,0.166432
024-A_03,0.154036
024-A_04,0.168893
024-A_05,0.172773
024-B_06,0.140755
024-B_07,0.16125
024-B_08,0.15418
024-B_09,0.168828
024-B_10,0.14875
025-A_01,0.145625
025-A_02,0.145651
025-A_03,0.154349
025-A_04,0.157539
025-A_05,0.172695
025-B_06,0.128815
025-B_07,0.181589
025-B_08,0.126849
025-B_09,0.125065
025-B_10,0.195234
026-A_01,0.028125
026-A_02,0.0964453
026-A_03,0.159674
026-A_04,0.0975781
026-A_05,0.089987
026-B_06,0.0370313
026-B_07,0.0361068
026-B_08,0.0459375
026-B_09,0.0401302
026-B_10,0.0420182
027-A_01,0.131055
027-A_02,0.0779297
027-A_03,0.181693
027-A_04,0.0938802
027-A_05,0.090599
027-B_06,0.0880729
027-B_07,0.091849
027-B_08,0.0955729
027-B_09,0.0911979
027-B_10,0.0945964
028-A_01,0.223281
028-A_02,0.21
028-A_03,0.204271
028-A_04,0.21207
028-A_05,0.185391
028-B_06,0.165599
028-B_07,0.128958
028-B_08,0.157018
028-B_09,0.150482
028-B_10,0.133438
029-A_01,0.083776
029-A_02,0.0578906
029-A_03,0.0613932
029-A_04,0.0684115
029-A_05,0.0761198
029-B_06,0.0630729
029-B_07,0.0639062
029-B_08,0.059401
029-B_09,0.0851432
029-B_10,0.0755469
030-A_01,0.101458
030-A_02,0.102995
030-A_03,0.109635
030-A_04,0.101927
030-A_05,0.0994141
030-B_06,0.110391
030-B_07,0.0877474
030-B_08,0.106602
030-B_09,0.0910026
030-B_10,0.090651
031-A_01,0.11901
031-A_02,0.106497
031-A_03,0.106471
031-A_04,0.0979557
031-A_05,0.103828
031-B_06,0.0922917
031-B_07,0.0669531
031-B_08,0.263008
031-B_09,0.265195
031-B_10,0.248398
032-A_01,0.105508
032-A_02,0.0892708
032-A_03,0.0703125
032-A_04,0.0852083
032-A_05,0.084401
032-B_06,0.103451
032-B_07,0.0769792
032-B_08,0.0842057
032-B_09,0.0680339
032-B_10,0.063737
033-A_01,0.140052
033-A_02,0.138385
033-A_03,0.135
033-A_04,0.145573
033-A_05,0.138451
033-B_06,0.176758
033-B_07,0.173125
033-B_08,0.175469
033-B_09,0.170573
033-B_10,0.197982
034-A_01,0.143359
034-A_02,0.148008
034-A_03,0.142396
034-A_04,0.132552
034-A_05,0.132578
034-B_06,0.15043
034-B_07,0.143841
034-B_08,0.131159
034-B_09,0.132799
034-B_10,0.156927
035-A_01,0.141211
035-A_02,0.14694
035-A_03,0.1425
035-A_04,0.145104
035-A_05,0.141979
035-B_06,0.119258
035-B_07,0.292448
035-B_08,0.284154
035-B_09,0.287396
035-B_10,0.0974349
036-A_01,0.0855078
036-A_02,0.0793229
036-A_03,0.0985938
036-A_04,0.0574219
036-A_05,0.0530339
036-B_06,0.129102
036-B_07,0.129857
036-B_08,0.133906
036-B_09,0.131367
036-B_10,0.132591
037-A_01,0.0788151
037-A_02,0.0640885
037-A_03,0.0492708
037-A_04,0.0622135
037-A_05,0.0448958
037-B_06,0.0701042
037-B_07,0.0507552
037-B_08,0.0482292
037-B_09,0.0758984
037-B_10,0.0815365
038-A_01,0.237122
038-A_02,0.226393
038-A_03,0.215807
038-A_04,0.214492
038-A_05,0.222031
038-B_06,0.167122
038-B_07,0.13681
038-B_08,0.211042
038-B_09,0.169375
038-B_10,0.20276
039-A_01,0.0541016
039-A_02,0.0642969
039-A_03,0.0586849
039-A_04,0.064401
039-A_05,0.0589974
039-B_06,0.0577083
039-B_07,0.0645182
039-B_08,0.0574219
039-B_09,0.0580078
039-B_10,0.0671615
040-A_01,0.12306
040-A_02,0.127396
040-A_03,0.127096
040-A_04,0.127734
040-A_05,0.133633
040-B_06,0.121901
040-B_07,0.110456
040-B_08,0.112383
040-B_09,0.135052
040-B_10,0.140339
041-A_01,0.0933203
041-A_02,0.102878
041-A_03,0.108255
041-A_04,0.115026
041-A_05,0.116198
041-B_06,0.141016
041-B_07,0.15332
041-B_08,0.145065
041-B_09,0.14793
041-B_10,0.145339
042-A_01,0.10168
042-A_02,0.0547396
042-A_03,0.0595964
042-A_04,0.0497526
042-A_05,0.05375
042-B_06,0.0207682
042-B_07,0.0355469
042-B_08,0.03125
042-B_09,0.0293229
042-B_10,0.0389453
043-A_01,0.0960807
043-A_02,0.0867969
043-A_03,0.0848698
043-A_04,0.0798047
043-A_05,0.0821484
043-B_06,0.145534
043-B_07,0.139063
043-B_08,0.13319
043-B_09,0.133763
043-B_10,0.124727
044-A_01,0.193021
044-A_02,0.203555
044-A_03,0.193841
044-A_04,0.197552
044-A_05,0.19332
044-B_06,0.165703
044-B_07,0.179701
044-B_08,0.204323
044-B_09,0.164297
044-B_10,0.19418
045-A_01,0.0227734
045-A_02,0.031849
045-A_03,0.0332943
045-A_04,0.0228646
045-A_05,0.0265495
045-B_06,0.0369271
045-B_07,0.0288932
045-B_08,0.0236198
045-B_09,0.0297266
045-B_10,0.031901
046-A_01,0.0504297
046-A_02,0.0561589
046-A_03,0.0559505
046-A_04,0.053724
046-A_05,0.0570443
046-B_06,0.0903125
046-B_07,0.0811198
046-B_08,0.0821875
046-B_09,0.0954557
046-B_10,0.0827474
047-A_01,0.286081
047-A_02,0.0990104
047-A_03,0.0615495
047-A_04,0.0621745
047-A_05,0.0539323
047-B_06,0.0377734
047-B_07,0.0386198
047-B_08,0.0394922
047-B_09,0.0420182
047-B_10,0.0441016
048-A_01,0.11625
048-A_02,0.132812
048-A_03,0.106979
048-A_04,0.113398
048-A_05,0.104674
048-B_06,0.086849
048-B_07,0.0859766
048-B_08,0.083737
048-B_09,0.0690104
048-B_10,0.117839
049-A_01,0.135651
049-A_02,0.123945
049-A_03,0.13306
049-A_04,0.137943
049-A_05,0.127513
049-B_06,0.052513
049-B_07,0.046849
049-B_08,0.0469401
049-B_09,0.0622135
049-B_10,0.0482161
050-A_01,0.11375
050-A_02,0.0944922
050-A_03,0.102148
050-A_04,0.0963411
050-A_05,0.108477
050-B_06,0.0656901
050-B_07,0.0658854
050-B_08,0.0792318
050-B_09,0.0703255
050-B_10,0.0665104
051-A_01,0.137109
051-A_02,0.153034
051-A_03,0.150326
051-A_04,0.15069
051-A_05,0.151016
051-B_06,0.12526
051-B_07,0.123529
051-B_08,0.114727
051-B_09,0.11832
051-B_10,0.116758
052-A_01,0.115534
052-A_02,0.116602
052-A_03,0.118711
052-A_04,0.111745
052-A_05,0.116094
052-B_06,0.157604
052-B_07,0.149596
052-B_08,0.15306
052-B_09,0.134401
052-B_10,0.151875
053-A_01,0.130521
053-A_02,0.131992
053-A_03,0.119089
053-A_04,0.123112
053-A_05,0.130078
053-B_06,0.161953
053-B_07,0.155417
053-B_08,0.154115
053-B_09,0.162839
053-B_10,0.151081
054-A_01,0.115911
054-A_02,0.122331
054-A_03,0.120286
054-A_04,0.131016
054-A_05,0.119857
054-B_06,0.0983984
054-B_07,0.101732
054-B_08,0.108867
054-B_09,0.114857
054-B_10,0.105716
055-A_01,0.0888672
055-A_02,0.0941276
055-A_03,0.0840495
055-A_04,0.0894792
055-A_05,0.0959375
055-B_06,0.0996224
055-B_07,0.13638
055-B_08,0.126523
055-B_09,0.131315
055-B_10,0.12819
056-A_01,0.103385
056-A_02,0.111445
056-A_03,0.109076
056-A_04,0.100352
056-A_05,0.137018
056-B_06,0.106003
056-B_07,0.118776
056-B_08,0.114297
056-B_09,0.112565
056-B_10,0.110469
057-A_01,0.0877344
057-A_02,0.0913281
057-A_03,0.0892318
057-A_04,0.0818099
057-A_05,0.0880339
057-B_06,0.075013
057-B_07,0.0753906
057-B_08,0.0716667
057-B_09,0.0693229
057-B_10,0.0723047
058-A_01,0.151081
058-A_02,0.154909
058-A_03,0.160612
058-A_04,0.139336
058-A_05,0.153516
058-B_06,0.126484
058-B_07,0.134831
058-B_08,0.229766
058-B_09,0.13194
058-B_10,0.140794
059-A_01,0.389219
059-A_02,0.384648
059-A_03,0.0479557
059-A_04,0.305703
059-A_05,0.404023
059-B_06,0.332266
059-B_07,0.326445
059-B_08,0.116042
059-B_09,0.112708
059-B_10,0.131523
060-A_01,0.140898
060-A_02,0.137943
060-A_03,0.13444
060-A_04,0.139622
060-A_05,0.131458
060-B_06,0.111914
060-B_07,0.115938
060-B_08,0.125833
060-B_09,0.127578
060-B_10,0.117943
061-A_01,0.10987
061-A_02,0.106966
061-A_03,0.117956
061-A_04,0.125456
061-A_05,0.12237
061-B_06,0.120273
061-B_07,0.127721
061-B_08,0.128346
061-B_09,0.129948
061-B_10,0.197331
062-A_01,0.0893229
062-A_02,0.152344
062-A_03,0.164818
062-A_04,0.0917448
062-A_05,0.0876823
062-B_06,0.115404
062-B_07,0.0457552
062-B_08,0.0385417
062-B_09,0.0530339
062-B_10,0.0464453
063-A_01,0.105391
063-A_02,0.100456
063-A_03,0.105313
063-A_04,0.106341
063-A_05,0.103125
063-B_06,0.101211
063-B_07,0.109258
063-B_08,0.102174
063-B_09,0.0969141
063-B_10,0.121836
064-A_01,0.0729036
064-A_02,0.0842839
064-A_03,0.0807552
064-A_04,0.0732943
064-A_05,0.101732
064-B_06,0.0730729
064-B_07,0.0977083
064-B_08,0.082487
064-B_09,0.0916276
064-B_10,0.093112
065-A_01,0.0996354
065-A_02,0.0772656
065-A_03,0.0805078
065-A_04,0.0778776
065-A_05,0.0893229
065-B_06,0.0820573
065-B_07,0.0888021
065-B_08,0.103451
065-B_09,0.0867318
065-B_10,0.0804818
066-A_01,0.074974
066-A_02,0.0673177
066-A_03,0.0835547
066-A_04,0.0685026
066-A_05,0.0729557
066-B_06,0.0346875
066-B_07,0.025612
066-B_08,0.0290365
066-B_09,0.0379297
066-B_10,0.0318099
067-A_01,0.0906901
067-A_02,0.103841
067-A_03,0.0995833
067-A_04,0.117448
067-A_05,0.104844
067-B_06,0.0788932
067-B_07,0.085612
067-B_08,0.0846745
067-B_09,0.082513
067-B_10,0.0773177
068-A_01,0.0640104
068-A_02,0.0610156
068-A_03,0.0736068
068-A_04,0.0635938
068-A_05,0.0605339
068-B_06,0.0751953
068-B_07,0.0634245
068-B_08,0.0426823
068-B_09,0.0330729
068-B_10,0.0439583
069-A_01,0.120716
069-A_02,0.0863151
069-A_03,0.0952214
069-A_04,0.133802
069-A_05,0.0916276
069-B_06,0.0973568
069-B_07,0.0894141
069-B_08,0.0905859
069-B_09,0.097487
069-B_10,0.0905339
070-A_01,0.140703
070-A_02,0.136641
070-A_03,0.136953
070-A_04,0.137721
070-A_05,0.136745
070-B_06,0.0993099
070-B_07,0.106276
070-B_08,0.0938411
070-B_09,0.0898307
070-B_10,0.0877474
071-A_01,0.0525521
071-A_02,0.0529297
071-A_03,0.050599
071-A_04,0.0532552
071-A_05,0.0523438
071-B_06,0.0566146
071-B_07,0.0328906
071-B_08,0.0130469
071-B_09,0.0219922
071-B_10,0.0230599
072-A_01,0.0615495
072-A_02,0.0690104
072-A_03,0.0644141
072-A_04,0.0524219
072-A_05,0.0554948
072-B_06,0.0279427
072-B_07,0.0286198
072-B_08,0.0389583
072-B_09,0.0433984
072-B_10,0.0431641
073-A_01,0.0746094
073-A_02,0.067474
073-A_03,0.0717578
073-A_04,0.0832813
073-A_05,0.0835026
073-B_06,0.0526563
073-B_07,0.0584766
073-B_08,0.0554297
073-B_09,0.0547656
073-B_10,0.0529427
074-A_01,0.0996224
074-A_02,0.0692578
074-A_03,0.100911
074-A_04,0.0926563
074-A_05,0.0735417
074-B_06,0.0907813
074-B_07,0.0879948
074-B_08,0.0810677
074-B_09,0.0655729
074-B_10,0.0697656
075-A_01,0.172005
075-A_02,0.184635
075-A_03,0.173698
075-A_04,0.158828
075-A_05,0.163138
075-B_06,0.191471
075-B_07,0.164857
075-B_08,0.191914
075-B_09,0.181953
075-B_10,0.18168
076-A_01,0.0994792
076-A_02,0.103216
076-A_03,0.105547
076-A_04,0.102188
076-A_05,0.0967708
076-B_06,0.116289
076-B_07,0.110247
076-B_08,0.115078
076-B_09,0.118568
076-B_10,0.106094
077-A_01,0.107643
077-A_02,0.106042
077-A_03,0.105286
077-A_04,0.103685
077-A_05,0.100404
077-B_06,0.0567969
077-B_07,0.0372266
077-B_08,0.0376693
077-B_09,0.0394401
077-B_10,0.0334505
078-A_01,0.0572656
078-A_02,0.076901
078-A_03,0.0697396
078-A_04,0.0676432
078-A_05,0.0630339
078-B_06,0.076237
078-B_07,0.0782161
078-B_08,0.0839974
078-B_09,0.0715104
078-B_10,0.0619531
079-A_01,0.0211198
079-A_02,0.0264844
079-A_03,0.0229948
079-A_04,0.0186328
079-A_05,0.0157682
079-B_06,0.0277083
079-B_07,0.0396224
079-B_08,0.0294531
079-B_09,0.0315495
079-B_10,0.031862
080-A_01,0.142995
080-A_02,0.129714
080-A_03,0.126341
080-A_04,0.130846
080-A_05,0.111771
080-B_06,0.148138
080-B_07,0.142461
080-B_08,0.149089
080-B_09,0.137656
080-B_10,0.141133
081-A_01,0.0947005
081-A_02,0.0865104
081-A_03,0.093737
081-A_04,0.0733464
081-A_05,0.0910807
081-B_06,0.076901
081-B_07,0.0799479
081-B_08,0.0857422
081-B_09,0.0816536
081-B_10,0.0810677
082-A_01,0.0983984
082-A_02,0.0959505
082-A_03,0.0892448
082-A_04,0.0127734
082-A_05,0.0267448
082-B_06,0.0273307
082-B_07,0.0437109
082-B_08,0.0480599
082-B_09,0.0430599
082-B_10,0.0569271
083-A_01,0.065599
083-A_02,0.0770052
083-A_03,0.0702865
083-A_04,0.0700781
083-A_05,0.0544661
083-B_06,0.0614453
083-B_07,0.0702734
083-B_08,0.0599609
083-B_09,0.0708854
083-B_10,0.0623958
084-A_01,0.119245
084-A_02,0.127448
084-A_03,0.116419
084-A_04,0.135391
084-A_05,0.131445
084-B_06,0.128542
084-B_07,0.109648
084-B_08,0.0967708
084-B_09,0.100443
084-B_10,0.118802
085-A_01,0.125964
085-A_02,0.125924
085-A_03,0.116523
085-A_04,0.117474
085-A_05,0.110299
085-B_06,0.0436198
085-B_07,0.0473438
085-B_08,0.059375
085-B_09,0.0514063
085-B_10,0.0590495
086-A_01,0.0760938
086-A_02,0.0678125
086-A_03,0.0798958
086-A_04,0.0819922
086-A_05,0.0663281
086-B_06,0.297799
086-B_07,0.0877214
086-B_08,0.109167
086-B_09,0.086901
086-B_10,0.0807031
087-A_01,0.14026
087-A_02,0.155703
087-A_03,0.0707682
087-A_04,0.0654818
087-A_05,0.0480599
087-B_06,0.0939583
087-B_07,0.0950391
087-B_08,0.0971745
087-B_09,0.0975781
087-B_10,0.103151
088-A_01,0.124596
088-A_02,0.112201
088-A_03,0.133203
088-A_04,0.109036
088-A_05,0.10474
088-B_06,0.0690365
088-B_07,0.0723307
088-B_08,0.0729167
088-B_09,0.0605599
088-B_10,0.0772917
089-A_01,0.0496875
089-A_02,0.0577865
089-A_03,0.054388
089-A_04,0.0607292
089-A_05,0.058125
089-B_06,0.0477995
089-B_07,0.041888
089-B_08,0.0433724
089-B_09,0.0472526
089-B_10,0.0552344
090-A_01,0.06
090-A_02,0.0642448
090-A_03,0.0573568
090-A_04,0.057487
090-A_05,0.0495182
090-B_06,0.0375911
090-B_07,0.0394531
090-B_08,0.0430729
090-B_09,0.0460807
090-B_10,0.0358594
091-A_01,0.0551823
091-A_02,0.120469
091-A_03,0.0698828
091-A_04,0.0658984
091-A_05,0.0700651
091-B_06,0.0889063
091-B_07,0.0822135
091-B_08,0.0923177
091-B_09,0.074375
091-B_10,0.0696224
092-A_01,0.056875
092-A_02,0.0622135
092-A_03,0.0629948
092-A_04,0.0761198
092-A_05,0.0688151
092-B_06,0.0403906
092-B_07,0.0376172
092-B_08,0.0349349
092-B_09,0.0347786
092-B_10,0.039349
093-A_01,0.0682292
093-A_02,0.075638
093-A_03,0.0731901
093-A_04,0.0721875
093-A_05,0.0611198
093-B_06,0.110039
093-B_07,0.10138
093-B_08,0.0915885
093-B_09,0.082526
093-B_10,0.0885026
094-A_01,0.0931641
094-A_02,0.0936849
094-A_03,0.0816016
094-A_04,0.0867448
094-A_05,0.084987
094-B_06,0.0535417
094-B_07,0.0596484
094-B_08,0.0663932
094-B_09,0.0616146
094-B_10,0.0702214
095-A_01,0.145443
095-A_02,0.0595964
095-A_03,0.0492839
095-A_04,0.0378906
095-A_05,0.0403516
095-B_06,0.0567057
095-B_07,0.0577734
095-B_08,0.0530729
095-B_09,0.0516536
095-B_10,0.0467318
096-A_01,0.0407031
096-A_02,0.0378385
096-A_03,0.0460417
096-A_04,0.0414193
096-A_05,0.0486068
096-B_06,0.0908203
096-B_07,0.0628906
096-B_08,0.0640885
096-B_09,0.0789453
096-B_10,0.0811328
097-A_01,0.0223177
097-A_02,0.0605729
097-A_03,0.061849
097-A_04,0.0726302
097-A_05,0.0649479
097-B_06,0.0961198
097-B_07,0.0820182
097-B_08,0.0857161
097-B_09,0.092526
097-B_10,0.0853646
098-A_01,0.0863151
098-A_02,0.0774089
098-A_03,0.0800651
098-A_04,0.0773307
098-A_05,0.084375
098-B_06,0.183242
098-B_07,0.0804427
098-B_08,0.0923438
098-B_09,0.0883594
098-B_10,0.0891146
099-A_01,0.0499089
099-A_02,0.0441276
099-A_03,0.050651
099-A_04,0.0416146
099-A_05,0.0483984
099-B_06,0.0849479
099-B_07,0.0879167
099-B_08,0.0807943
099-B_09,0.0884766
099-B_10,0.0892318
100-A_01,0.120286
100-A_02,0.115885
100-A_03,0.130547
100-A_04,0.130417
100-A_05,0.149167
100-B_06,0.0796094
100-B_07,0.096276
100-B_08,0.101146
100-B_09,0.0736979
100-B_10,0.086901
101-A_01,0.145469
101-A_02,0.154076
101-A_03,0.142201
101-A_04,0.137747
101-A_05,0.145716
101-B_06,0.109831
101-B_07,0.104414
101-B_08,0.0899089
101-B_09,0.0924089
101-B_10,0.100911
102-A_01,0.106341
102-A_02,0.106641
102-A_03,0.118229
102-A_04,0.108724
102-A_05,0.102018
102-B_06,0.088112
102-B_07,0.0721745
102-B_08,0.0817839
102-B_09,0.0692708
102-B_10,0.086276
103-A_01,0.0704948
103-A_02,0.0752604
103-A_03,0.0776172
103-A_04,0.0771224
103-A_05,0.0719792
103-B_06,0.140313
103-B_07,0.223711
103-B_08,0.0985026
103-B_09,0.095625
103-B_10,0.0876953
104-A_01,0.102773
104-A_02,0.106966
104-A_03,0.100977
104-A_04,0.102852
104-A_05,0.100651
104-B_06,0.0477344
104-B_07,0.0596484
104-B_08,0.0883724
104-B_09,0.153776
104-B_10,0.128633
105-A_01,0.0657292
105-A_02,0.0709635
105-A_03,0.0562891
105-A_04,0.0470443
105-A_05,0.0527083
105-B_06,0.0428906
105-B_07,0.0417057
105-B_08,0.0405469
105-B_09,0.0218099
105-B_10,0.0161589
106-A_01,0.0692188
106-A_02,0.0507943
106-A_03,0.044388
106-A_04,0.0469792
106-A_05,0.0482813
106-B_06,0.0547396
106-B_07,0.0513151
106-B_08,0.0409115
106-B_09,0.0439323
106-B_10,0.0455339
107-A_01,0.115195
107-A_02,0.110117
107-A_03,0.113568
107-A_04,0.098151
107-A_05,0.124375
107-B_06,0.118477
107-B_07,0.0898958
107-B_08,0.101849
107-B_09,0.104427
107-B_10,0.109206
108-A_01,0.184375
108-A_02,0.128034
108-A_03,0.120104
108-A_04,0.123815
108-A_05,0.118841
108-B_06,0.123516
108-B_07,0.133151
108-B_08,0.233477
108-B_09,0.127799
108-B_10,0.302995
109-A_01,0.112813
109-A_02,0.132878
109-A_03,0.109453
109-A_04,0.118945
109-A_05,0.117344
109-B_06,0.13168
109-B_07,0.185469
109-B_08,0.147096
109-B_09,0.134948
109-B_10,0.187448
110-A_01,0.0861068
110-A_02,0.0910286
110-A_03,0.102539
110-A_04,0.104635
110-A_05,0.100208
110-B_06,0.106406
110-B_07,0.118724
110-B_08,0.136563
110-B_09,0.120716
110-B_10,0.122474
111-A_01,0.120885
111-A_02,0.113503
111-A_03,0.119401
111-A_04,0.0984635
111-A_05,0.11625
111-B_06,0.107982
111-B_07,0.112591
111-B_08,0.106901
111-B_09,0.145534
111-B_10,0.112526
112-A_01,0.159974
112-A_02,0.166328
112-A_03,0.163841
112-A_04,0.172109
112-A_05,0.15875
112-B_06,0.0794271
112-B_07,0.0780469
112-B_08,0.0746224
112-B_09,0.0802734
112-B_10,0.0664453
113-A_01,0.140729
113-A_02,0.12099
113-A_03,0.121497
113-A_04,0.121589
113-A_05,0.131758
113-B_06,0.126393
113-B_07,0.121094
113-B_08,0.119414
113-B_09,0.141654
113-B_10,0.119557
114-A_01,0.104245
114-A_02,0.0966276
114-A_03,0.0902083
114-A_04,0.0856641
114-A_05,0.0984896
114-B_06,0.109388
114-B_07,0.104818
114-B_08,0.0905859
114-B_09,0.101458
114-B_10,0.0896745
115-A_01,0.0713672
115-A_02,0.0773047
115-A_03,0.0900391
115-A_04,0.0693229
115-A_05,0.0817578
115-B_06,0.0857552
115-B_07,0.0682813
115-B_08,0.0870182
115-B_09,0.0632943
115-B_10,0.0668359
116-A_01,0.0244271
116-A_02,0.030651
116-A_03,0.0357813
116-A_04,0.0492578
116-A_05,0.050599
116-B_06,0.104076
116-B_07,0.0951953
116-B_08,0.0659766
116-B_09,0.0598828
116-B_10,0.0570964
117-A_01,0.0881641
117-A_02,0.0808073
117-A_03,0.091276
117-A_04,0.0967708
117-A_05,0.103464
117-B_06,0.102656
117-B_07,0.106875
117-B_08,0.0980208
117-B_09,0.115938
117-B_10,0.109727
118-A_01,0.0754427
118-A_02,0.0853125
118-A_03,0.07625
118-A_04,0.0758464
118-A_05,0.0650911
118-B_06,0.0535286
118-B_07,0.0485677
118-B_08,0.0570313
118-B_09,0.0494922
118-B_10,0.0435938
119-A_01,0.034349
119-A_02,0.0444661
119-A_03,0.0527865
119-A_04,0.035
119-A_05,0.0348047
119-B_06,0.047513
119-B_07,0.0700911
119-B_08,0.063763
119-B_09,0.0661979
119-B_10,0.0732943
120-A_01,0.0763021
120-A_02,0.124987
120-A_03,0.117109
120-A_04,0.118867
120-A_05,0.126341
120-B_06,0.0905469
120-B_07,0.0855469
120-B_08,0.0842318
120-B_09,0.0763672
120-B_10,0.0634115
121-A_01,0.0776693
121-A_02,0.0651823
121-A_03,0.0688802
121-A_04,0.0655599
121-A_05,0.0716536
121-B_06,0.0995833
121-B_07,0.0757813
121-B_08,0.102526
121-B_09,0.0859245
121-B_10,0.0869661
122-A_01,0.0755469
122-A_02,0.0984245
122-A_03,0.09
122-A_04,0.0778125
122-A_05,0.0653776
122-B_06,0.125508
122-B_07,0.146523
122-B_08,0.138099
122-B_09,0.149701
122-B_10,0.13401
123-A_01,0.0351823
123-A_02,0.0353385
123-A_03,0.0551172
123-A_04,0.0422786
123-A_05,0.0504688
123-B_06,0.0354297
123-B_07,0.0291797
123-B_08,0.020026
123-B_09,0.0190755
123-B_10,0.0213932
124-A_01,0.071888
124-A_02,0.0932292
124-A_03,0.0784635
124-A_04,0.0688151
124-A_05,0.0782943
124-B_06,0.0899089
124-B_07,0.0961849
124-B_08,0.100234
124-B_09,0.0879427
124-B_10,0.0990625
125-A_01,0.122305
125-A_02,0.118698
125-A_03,0.125807
125-A_04,0.132214
125-A_05,0.128659
125-B_06,0.123333
125-B_07,0.126823
125-B_08,0.121315
125-B_09,0.12806
125-B_10,0.114935
126-A_01,0.102174
126-A_02,0.0974089
126-A_03,0.103424
126-A_04,0.103789
126-A_05,0.128294
126-B_06,0.140313
126-B_07,0.142865
126-B_08,0.125612
126-B_09,0.145573
126-B_10,0.149792
127-A_01,0.0678255
127-A_02,0.0710417
127-A_03,0.0711198
127-A_04,0.0719271
127-A_05,0.0772786
127-B_06,0.0710938
127-B_07,0.0690104
127-B_08,0.0672526
127-B_09,0.0694661
127-B_10,0.0661979
128-A_01,0.0507943
128-A_02,0.0679557
128-A_03,0.0616927
128-A_04,0.0571484
128-A_05,0.0559245
128-B_06,0.0379297
128-B_07,0.0367839
128-B_08,0.0305599
128-B_09,0.0394792
128-B_10,0.0369141
129-A_01,0.109766
129-A_02,0.117448
129-A_03,0.106615
129-A_04,0.122904
129-A_05,0.122174
129-B_06,0.138503
129-B_07,0.140065
129-B_08,0.138698
129-B_09,0.134466
129-B_10,0.133802
130-A_01,0.0895573
130-A_02,0.0886979
130-A_03,0.102695
130-A_04,0.086862
130-A_05,0.0943229
130-B_06,0.102852
130-B_07,0.11056
130-B_08,0.0970573
130-B_09,0.120339
130-B_10,0.117396
131-A_01,0.0636328
131-A_02,0.044388
131-A_03,0.039987
131-A_04,0.0509766
131-A_05,0.0564714
131-B_06,0.0689974
131-B_07,0.0731901
131-B_08,0.0713151
131-B_09,0.0804167
131-B_10,0.061237
132-A_01,0.0210026
132-A_02,0.0299609
132-A_03,0.0367448
132-A_04,0.0298047
132-A_05,0.0323047
132-B_06,0.0827474
132-B_07,0.0966797
132-B_08,0.0792578
132-B_09,0.0895573
132-B_10,0.110078
133-A_01,0.038138
133-A_02,0.0239974
133-A_03,0.0234896
133-A_04,0.0489714
133-A_05,0.0422917
133-B_06,0.0503646
133-B_07,0.0495964
133-B_08,0.0352474
133-B_09,0.0577474
133-B_10,0.0404036
134-A_01,0.0574609
134-A_02,0.046237
134-A_03,0.0435547
134-A_04,0.0523438
134-A_05,0.0464844
134-B_06,0.0774219
134-B_07,0.074401
134-B_08,0.0740625
134-B_09,0.0815625
134-B_10,0.0855208
135-A_01,0.117083
135-A_02,0.125404
135-A_03,0.129766
135-A_04,0.132852
135-A_05,0.138945
135-B_06,0.102917
135-B_07,0.0710026
135-B_08,0.103398
135-B_09,0.0833203
135-B_10,0.211862
136-A_01,0.0588411
136-A_02,0.0519661
136-A_03,0.0521484
136-A_04,0.0540885
136-A_05,0.0476042
136-B_06,0.0709766
136-B_07,0.0681771
136-B_08,0.0563672
136-B_09,0.0683333
136-B_10,0.074375
137-A_01,0.0907552
137-A_02,0.0788932
137-A_03,0.0877214
137-A_04,0.139036
137-A_05,0.0867969
137-B_06,0.100234
137-B_07,0.101068
137-B_08,0.0973307
137-B_09,0.0902734
137-B_10,0.0914453
138-A_01,0.196602
138-A_02,0.17375
138-A_03,0.173776
138-A_04,0.149414
138-A_05,0.160951
138-B_06,0.171263
138-B_07,0.308568
138-B_08,0.165781
138-B_09,0.301094
138-B_10,0.28513
139-A_01,0.0607422
139-A_02,0.0578125
139-A_03,0.0570052
139-A_04,0.0545052
139-A_05,0.0514063
139-B_06,0.0548568
139-B_07,0.0575911
139-B_08,0.055
139-B_09,0.0614063
139-B_10,0.0584505
140-A_01,0.0977995
140-A_02,0.0983333
140-A_03,0.0901693
140-A_04,0.0901172
140-A_05,0.0942578
140-B_06,0.10237
140-B_07,0.105195
140-B_08,0.114206
140-B_09,0.113268
140-B_10,0.113646
141-A_01,0.0660156
141-A_02,0.060026
141-A_03,0.0559115
141-A_04,0.0610417
141-A_05,0.0646484
141-B_06,0.15056
141-B_07,0.134375
141-B_08,0.129232
141-B_09,0.119076
141-B_10,0.120286
142-A_01,0.0441536
142-A_02,0.0375
142-A_03,0.0416797
142-A_04,0.0554688
142-A_05,0.0553646
142-B_06,0.093112
142-B_07,0.0633464
142-B_08,0.0764193
142-B_09,0.0749089
142-B_10,0.0875911
143-A_01,0.0741536
143-A_02,0.0792578
143-A_03,0.0618229
143-A_04,0.0635417
143-A_05,0.0553125
143-B_06,0.066875
143-B_07,0.0414844
143-B_08,0.060651
143-B_09,0.0297786
143-B_10,0.0509115
144-A_01,0.126367
144-A_02,0.125651
144-A_03,0.121237
144-A_04,0.128828
144-A_05,0.122552
144-B_06,0.0769792
144-B_07,0.0715885
144-B_08,0.0703516
144-B_09,0.071276
144-B_10,0.0691276
145-A_01,0.0365755
145-A_02,0.0387109
145-A_03,0.0614063
145-A_04,0.0682031
145-A_05,0.0811458
145-B_06,0.161406
145-B_07,0.145273
145-B_08,0.179922
145-B_09,0.117565
145-B_10,0.0821094
146-A_01,0.0472396
146-A_02,0.0735937
146-A_03,0.0489714
146-A_04,0.0790885
146-A_05,0.0683333
146-B_06,0.0367708
146-B_07,0.0292839
146-B_08,0.0231901
146-B_09,0.0264063
146-B_10,0.0309245
147-A_01,0.0379688
147-A_02,0.0362891
147-A_03,0.0379948
147-A_04,0.055
147-A_05,0.0739323
147-B_06,0.0914844
147-B_07,0.100977
147-B_08,0.106341
147-B_09,0.108411
147-B_10,0.0854557
148-A_01,0.0421745
148-A_02,0.0432031
148-A_03,0.0460807
148-A_04,0.0563411
148-A_05,0.0273177
148-B_06,0.0727344
148-B_07,0.0702344
148-B_08,0.0717578
148-B_09,0.0830339
148-B_10,0.0775781
149-A_01,0.149844
149-A_02,0.127357
149-A_03,0.127982
149-A_04,0.120247
149-A_05,0.132148
149-B_06,0.110586
149-B_07,0.108177
149-B_08,0.115156
149-B_09,0.112773
149-B_10,0.099987
150-A_01,0.0427083
150-A_02,0.0472135
150-A_03,0.0438281
150-A_04,0.0402083
150-A_05,0.0424089
150-B_06,0.0312891
150-B_07,0.0362891
150-B_08,0.0390625
150-B_09,0.0391536
150-B_10,0.0432292
151-A_01,0.0783984
151-A_02,0.073776
151-A_03,0.0677995
151-A_04,0.0741927
151-A_05,0.0665495
151-B_06,0.119102
151-B_07,0.114336
151-B_08,0.118164
151-B_09,0.113802
151-B_10,0.109609
152-A_01,0.0872135
152-A_02,0.0882813
152-A_03,0.0916276
152-A_04,0.0973307
152-A_05,0.0876172
152-B_06,0.0574479
152-B_07,0.0739193
152-B_08,0.0664844
152-B_09,0.0617708
152-B_10,0.0517839
153-A_01,0.0490625
153-A_02,0.039987
153-A_03,0.0432682
153-A_04,0.0633854
153-A_05,0.039362
153-B_06,0.126576
153-B_07,0.102995
153-B_08,0.108099
153-B_09,0.106497
153-B_10,0.103711
154-A_01,0.123242
154-A_02,0.113151
154-A_03,0.11625
154-A_04,0.127018
154-A_05,0.107604
154-B_06,0.099362
154-B_07,0.0921354
154-B_08,0.10638
154-B_09,0.0903776
154-B_10,0.099349
155-A_01,0.0254818
155-A_02,0.0324219
155-A_03,0.0249349
155-A_04,0.0348177
155-A_05,0.0282292
155-B_06,0.025599
155-B_07,0.0396094
155-B_08,0.0322135
155-B_09,0.0202995
155-B_10,0.0358073
156-A_01,0.0720964
156-A_02,0.0770313
156-A_03,0.0749479
156-A_04,0.0704948
156-A_05,0.0695052
156-B_06,0.118867
156-B_07,0.234141
156-B_08,0.233503
156-B_09,0.237031
156-B_10,0.235951
157-A_01,0.0514193
157-A_02,0.0413021
157-A_03,0.0321094
157-A_04,0.0445703
157-A_05,0.0462891
157-B_06,0.0695052
157-B_07,0.0644792
157-B_08,0.0613281
157-B_09,0.0651693
157-B_10,0.0650391
158-A_01,0.0263672
158-A_02,0.0321875
158-A_03,0.0239583
158-A_04,0.0227734
158-A_05,0.0211589
158-B_06,0.0382161
158-B_07,0.0460547
158-B_08,0.0410677
158-B_09,0.0459375
158-B_10,0.0426042
159-A_01,0.0183203
159-A_02,0.0176953
159-A_03,0.0207292
159-A_04,0.0229818
159-A_05,0.021849
159-B_06,0.0302344
159-B_07,0.015
159-B_08,0.0210807
159-B_09,0.0210026
159-B_10,0.022526
160-A_01,0.0388021
160-A_02,0.0347135
160-A_03,0.0322917
160-A_04,0.0320964
160-A_05,0.0441797
160-B_06,0.076888
160-B_07,0.0701432
160-B_08,0.0808333
160-B_09,0.0869531
160-B_10,0.0904167
161-A_01,0.0819792
161-A_02,0.0614974
161-A_03,0.0823958
161-A_04,0.076888
161-A_05,0.0835417
161-B_06,0.0555078
161-B_07,0.0542839
161-B_08,0.0662891
161-B_09,0.0694922
161-B_10,0.0591667
162-A_01,0.05625
162-A_02,0.0542839
162-A_03,0.0470703
162-A_04,0.0467578
162-A_05,0.0453776
162-B_06,0.0453906
162-B_07,0.0615234
162-B_08,0.0494401
162-B_09,0.0462109
162-B_10,0.038151
163-A_01,0.0219401
163-A_02,0.0260938
163-A_03,0.0315625
163-A_04,0.0266797
163-A_05,0.0179297
163-B_06,0.0386328
163-B_07,0.0449349
163-B_08,0.0445443
163-B_09,0.0445573
163-B_10,0.0325651
164-A_01,0.109792
164-A_02,0.10194
164-A_03,0.106706
164-A_04,0.107253
164-A_05,0.115026
164-B_06,0.0982813
164-B_07,0.097487
164-B_08,0.0907552
164-B_09,0.0996615
164-B_10,0.0908594
165-A_01,0.0259245
165-A_02,0.0307031
165-A_03,0.0423177
165-A_04,0.046888
165-A_05,0.0555339
165-B_06,0.0538151
165-B_07,0.0574089
165-B_08,0.0610156
165-B_09,0.0611198
165-B_10,0.0470443
166-A_01,0.0227344
166-A_02,0.0177865
166-A_03,0.0164323
166-A_04,0.0195052
166-A_05,0.0300781
166-B_06,0.0223568
166-B_07,0.0179167
166-B_08,0.0171615
166-B_09,0.0194531
166-B_10,0.0169141
167-A_01,0.0205078
167-A_02,0.0200781
167-A_03,0.0165625
167-A_04,0.0185547
167-A_05,0.0133854
167-B_06,0.0714063
167-B_07,0.0698177
167-B_08,0.0779427
167-B_09,0.0697135
167-B_10,0.0659896
168-A_01,0.0407031
168-A_02,0.0534115
168-A_03,0.0465755
168-A_04,0.050026
168-A_05,0.0579557
168-B_06,0.0523307
168-B_07,0.0384766
168-B_08,0.0380208
168-B_09,0.0414583
168-B_10,0.038776
169-A_01,0.102487
169-A_02,0.0871484
169-A_03,0.0950781
169-A_04,0.0797656
169-A_05,0.0791927
169-B_06,0.0902214
169-B_07,0.0979427
169-B_08,0.098724
169-B_09,0.0873828
169-B_10,0.100182
170-A_01,0.0907813
170-A_02,0.0948828
170-A_03,0.0971745
170-A_04,0.0956901
170-A_05,0.0848828
170-B_06,0.0561068
170-B_07,0.055612
170-B_08,0.0641797
170-B_09,0.0591406
170-B_10,0.0692057
171-A_01,0.0696615
171-A_02,0.0516536
171-A_03,0.0434115
171-A_04,0.0388411
171-A_05,0.0370964
171-B_06,0.0686068
171-B_07,0.0766146
171-B_08,0.0618229
171-B_09,0.0641016
171-B_10,0.074974
172-A_01,0.0259375
172-A_02,0.0196224
172-A_03,0.0246745
172-A_04,0.0232031
172-A_05,0.021901
172-B_06,0.0271875
172-B_07,0.0320052
172-B_08,0.0380859
172-B_09,0.0445833
172-B_10,0.0526693
173-A_01,0.0710547
173-A_02,0.0748698
173-A_03,0.0740104
173-A_04,0.0754167
173-A_05,0.0786979
173-B_06,0.0699219
173-B_07,0.0721224
173-B_08,0.0748958
173-B_09,0.0774609
173-B_10,0.0710026
174-A_01,0.0808203
174-A_02,0.0730078
174-A_03,0.0896354
174-A_04,0.0869531
174-A_05,0.0803776
174-B_06,0.0344922
174-B_07,0.0365625
174-B_08,0.042513
174-B_09,0.0626953
174-B_10,0.0541146
175-A_01,0.0396875
175-A_02,0.0479948
175-A_03,0.0588021
175-A_04,0.0589714
175-A_05,0.0758203
175-B_06,0.033724
175-B_07,0.0437109
175-B_08,0.0383203
175-B_09,0.057487
175-B_10,0.05875
176-A_01,0.0261198
176-A_02,0.0461458
176-A_03,0.0454297
176-A_04,0.0234375
176-A_05,0.0220052
176-B_06,0.0715625
176-B_07,0.0651042
176-B_08,0.0563542
176-B_09,0.0527083
176-B_10,0.058737
177-A_01,0.0797917
177-A_02,0.0900911
177-A_03,0.0896094
177-A_04,0.0914193
177-A_05,0.0899609
177-B_06,0.0244141
177-B_07,0.0386328
177-B_08,0.0252865
177-B_09,0.029401
177-B_10,0.0138021
178-A_01,0.125078
178-A_02,0.131237
178-A_03,0.132943
178-A_04,0.128581
178-A_05,0.120286
178-B_06,0.115404
178-B_07,0.120299
178-B_08,0.121549
178-B_09,0.119049
178-B_10,0.122995
179-A_01,0.0660677
179-A_02,0.0563802
179-A_03,0.0467708
179-A_04,0.0517318
179-A_05,0.0513672
179-B_06,0.0637109
179-B_07,0.0449349
179-B_08,0.0633594
179-B_09,0.0673958
179-B_10,0.0436068
180-A_01,0.0184115
180-A_02,0.0238411
180-A_03,0.020599
180-A_04,0.0260677
180-A_05,0.0209375
180-B_06,0.021224
180-B_07,0.0145573
180-B_08,0.0165495
180-B_09,0.0179427
180-B_10,0.0160026
181-A_01,0.0381771
181-A_02,0.0326693
181-A_03,0.0340104
181-A_04,0.0263802
181-A_05,0.0277995
181-B_06,0.0414063
181-B_07,0.0415625
181-B_08,0.0333073
181-B_09,0.0426042
181-B_10,0.0426823
182-A_01,0.0805469
182-A_02,0.0713672
182-A_03,0.0722266
182-A_04,0.0918229
182-A_05,0.0751302
182-B_06,0.0273958
182-B_07,0.0244141
182-B_08,0.0345573
182-B_09,0.0224349
182-B_10,0.0166406
183-A_01,0.0647656
183-A_02,0.0760938
183-A_03,0.0835938
183-A_04,0.0664583
183-A_05,0.0651953
183-B_06,0.123073
183-B_07,0.118763
183-B_08,0.116862
183-B_09,0.127018
183-B_10,0.124375
184-A_01,0.0592578
184-A_02,0.0716667
184-A_03,0.0640495
184-A_04,0.0710417
184-A_05,0.0689974
184-B_06,0.0418229
184-B_07,0.0341667
184-B_08,0.0348568
184-B_09,0.0323958
184-B_10,0.0308854
185-A_01,0.0835156
185-A_02,0.0810156
185-A_03,0.0779557
185-A_04,0.063099
185-A_05,0.0729818
185-B_06,0.0544661
185-B_07,0.0433984
185-B_08,0.0646615
185-B_09,0.0635156
185-B_10,0.0668229
186-A_01,0.0777865
186-A_02,0.0756641
186-A_03,0.0746354
186-A_04,0.0698568
186-A_05,0.0855859
186-B_06,0.0639714
186-B_07,0.078151
186-B_08,0.0655469
186-B_09,0.071263
186-B_10,0.0664583
187-A_01,0.0108333
187-A_02,0.00709635
187-A_03,0.0133333
187-A_04,0.0133464
187-A_05,0.0139193
187-B_06,0.0211719
187-B_07,0.0217969
187-B_08,0.0317708
187-B_09,0.021901
187-B_10,0.0263281
188-A_01,0.108802
188-A_02,0.0904818
188-A_03,0.0838672
188-A_04,0.0748047
188-A_05,0.076263
188-B_06,0.110417
188-B_07,0.0998307
188-B_08,0.0835026
188-B_09,0.086263
188-B_10,0.0802734
189-A_01,0.0551563
189-A_02,0.0527474
189-A_03,0.0479948
189-A_04,0.0507422
189-A_05,0.0504167
189-B_06,0.0371224
189-B_07,0.043138
189-B_08,0.0485807
189-B_09,0.0441016
189-B_10,0.0566146
190-A_01,0.123398
190-A_02,0.130195
190-A_03,0.10082
190-A_04,0.128255
190-A_05,0.112643
190-B_06,0.0883984
190-B_07,0.0897786
190-B_08,0.0936719
190-B_09,0.0784115
190-B_10,0.0927214
191-A_01,0.0336979
191-A_02,0.0375651
191-A_03,0.0292318
191-A_04,0.0328516
191-A_05,0.0377474
191-B_06,0.0370182
191-B_07,0.0501432
191-B_08,0.0392057
191-B_09,0.0582031
191-B_10,0.0636328
192-A_01,0.0344401
192-A_02,0.0469531
192-A_03,0.0429948
192-A_04,0.0367969
192-A_05,0.0433594
192-B_06,0.0751823
192-B_07,0.0569922
192-B_08,0.0730469
192-B_09,0.0683073
192-B_10,0.068763
193-A_01,0.0642578
193-A_02,0.114505
193-A_03,0.114674
193-A_04,0.129414
193-A_05,0.134049
193-B_06,0.060651
193-B_07,0.0453646
193-B_08,0.0399349
193-B_09,0.0501432
193-B_10,0.0574609
194-A_01,0.0671615
194-A_02,0.0708724
194-A_03,0.0697005
194-A_04,0.071849
194-A_05,0.0738021
194-B_06,0.0558464
194-B_07,0.073138
194-B_08,0.0682552
194-B_09,0.0717578
194-B_10,0.0752474
195-A_01,0.019349
195-A_02,0.0177734
195-A_03,0.0219401
195-A_04,0.0194792
195-A_05,0.0160026
195-B_06,0.0200781
195-B_07,0.026862
195-B_08,0.0221484
195-B_09,0.0222005
195-B_10,0.0202214
196-A_01,0.0961068
196-A_02,0.0913802
196-A_03,0.090612
196-A_04,0.0893359
196-A_05,0.0904297
196-B_06,0.0618229
196-B_07,0.0616276
196-B_08,0.0476823
196-B_09,0.0416146
196-B_10,0.0899089
197-A_01,0.0130208
197-A_02,0.0167188
197-A_03,0.00872396
197-A_04,0.0263542
197-A_05,0.011888
197-B_06,0.0415104
197-B_07,0.0165365
197-B_08,0.00845052
197-B_09,0.0155729
197-B_10,0.0348568
198-A_01,0.0834115
198-A_02,0.0710807
198-A_03,0.0682422
198-A_04,0.0689193
198-A_05,0.071849
198-B_06,0.0669922
198-B_07,0.0723437
198-B_08,0.0594141
198-B_09,0.0746484
198-B_10,0.0832813
199-A_01,0.0594922
199-A_02,0.0676823
199-A_03,0.0728255
199-A_04,0.0717057
199-A_05,0.0592578
199-B_06,0.048099
199-B_07,0.0387891
199-B_08,0.0497526
199-B_09,0.0444141
199-B_10,0.0450651
200-A_01,0.262409
200-A_02,0.117904
200-A_03,0.243099
200-A_04,0.113307
200-A_05,0.112526
200-B_06,0.114388
200-B_07,0.105156
200-B_08,0.28125
200-B_09,0.0807552
200-B_10,0.116029
201-A_01,0.0977083
201-A_02,0.0886328
201-A_03,0.0846354
201-A_04,0.0876432
201-A_05,0.0930729
201-B_06,0.11638
201-B_07,0.113555
201-B_08,0.112083
201-B_09,0.107904
201-B_10,0.0964453
202-A_01,0.045
202-A_02,0.0427474
202-A_03,0.0524089
202-A_04,0.029388
202-A_05,0.0434896
202-B_06,0.0726042
202-B_07,0.0667188
202-B_08,0.0745964
202-B_09,0.079388
202-B_10,0.0742318
203-A_01,0.0399609
203-A_02,0.0441406
203-A_03,0.022513
203-A_04,0.035599
203-A_05,0.0452474
203-B_06,0.0554167
203-B_07,0.0478906
203-B_08,0.0521615
203-B_09,0.0560156
203-B_10,0.044375
204-A_01,0.177591
204-A_02,0.173451
204-A_03,0.156589
204-A_04,0.141849
204-A_05,0.155143
204-B_06,0.095625
204-B_07,0.300781
204-B_08,0.093776
204-B_09,0.234388
204-B_10,0.297617
205-A_01,0.0477995
205-A_02,0.0559115
205-A_03,0.0557552
205-A_04,0.0598958
205-A_05,0.0727344
205-B_06,0.0792188
205-B_07,0.0709766
205-B_08,0.0894531
205-B_09,0.0910547
205-B_10,0.0945443
206-A_01,0.0542969
206-A_02,0.0653516
206-A_03,0.0707422
206-A_04,0.0910677
206-A_05,0.0854557
206-B_06,0.0495052
206-B_07,0.0571745
206-B_08,0.064388
206-B_09,0.0657292
206-B_10,0.0583984
207-A_01,0.0622005
207-A_02,0.0555208
207-A_03,0.0496094
207-A_04,0.0579297
207-A_05,0.059401
207-B_06,0.0751042
207-B_07,0.0628125
207-B_08,0.060625
207-B_09,0.0632943
207-B_10,0.0497786
208-A_01,0.036263
208-A_02,0.0298958
208-A_03,0.0416797
208-A_04,0.0315755
208-A_05,0.0366536
208-B_06,0.0424219
208-B_07,0.0426562
208-B_08,0.0403906
208-B_09,0.051224
208-B_10,0.0503646
209-A_01,0.0747786
209-A_02,0.0483724
209-A_03,0.0537109
209-A_04,0.0467969
209-A_05,0.0388411
209-B_06,0.135013
209-B_07,0.132422
209-B_08,0.134792
209-B_09,0.133724
209-B_10,0.12375
210-A_01,0.0638932
210-A_02,0.0666667
210-A_03,0.0620443
210-A_04,0.0616927
210-A_05,0.0660026
210-B_06,0.0751823
210-B_07,0.0623438
210-B_08,0.0658073
210-B_09,0.0746745
210-B_10,0.0802734
211-A_01,0.0496354
211-A_02,0.0732161
211-A_03,0.090638
211-A_04,0.0747656
211-A_05,0.0808073
211-B_06,0.0418229
211-B_07,0.026901
211-B_08,0.0376953
211-B_09,0.0229427
211-B_10,0.0710547
212-A_01,0.103034
212-A_02,0.0955469
212-A_03,0.100781
212-A_04,0.0950781
212-A_05,0.105234
212-B_06,0.156966
212-B_07,0.168255
212-B_08,0.171419
212-B_09,0.18125
212-B_10,0.162904
213-A_01,0.0374609
213-A_02,0.0288542
213-A_03,0.0276302
213-A_04,0.0486589
213-A_05,0.0173698
213-B_06,0.0616016
213-B_07,0.0586328
213-B_08,0.0580339
213-B_09,0.0329948
213-B_10,0.0348698
214-A_01,0.041888
214-A_02,0.0377865
214-A_03,0.0466146
214-A_04,0.0334635
214-A_05,0.03625
214-B_06,0.0403125
214-B_07,0.033724
214-B_08,0.0323958
214-B_09,0.0460677
214-B_10,0.0636068
215-A_01,0.0979427
215-A_02,0.100547
215-A_03,0.113698
215-A_04,0.104727
215-A_05,0.119609
215-B_06,0.0266536
215-B_07,0.0305208
215-B_08,0.0311849
215-B_09,0.016862
215-B_10,0.021224
216-A_01,0.0413542
216-A_02,0.0350391
216-A_03,0.0497005
216-A_04,0.0417708
216-A_05,0.0360807
216-B_06,0.032487
216-B_07,0.0348307
216-B_08,0.0221484
216-B_09,0.0185417
216-B_10,0.0186719
217-A_01,0.0786068
217-A_02,0.0921224
217-A_03,0.100026
217-A_04,0.0998047
217-A_05,0.105703
217-B_06,0.120221
217-B_07,0.121654
217-B_08,0.116003
217-B_09,0.131016
217-B_10,0.126732
218-A_01,0.131641
218-A_02,0.126576
218-A_03,0.127604
218-A_04,0.121107
218-A_05,0.125169
218-B_06,0.189466
218-B_07,0.194518
218-B_08,0.188203
218-B_09,0.19776
218-B_10,0.202878
219-A_01,0.0258073
219-A_02,0.0450781
219-A_03,0.0423437
219-A_04,0.0366797
219-A_05,0.0477734
219-B_06,0.0633464
219-B_07,0.069375
219-B_08,0.0722917
219-B_09,0.0830078
219-B_10,0.0631901
220-A_01,0.0616016
220-A_02,0.0856901
220-A_03,0.0730599
220-A_04,0.0790625
220-A_05,0.0707552
220-B_06,0.0626432
220-B_07,0.0592969
220-B_08,0.054401
220-B_09,0.0654036
220-B_10,0.0642188
221-A_01,0.0990885
221-A_02,0.0727865
221-A_03,0.0770703
221-A_04,0.0947917
221-A_05,0.092513
221-B_06,0.0570964
221-B_07,0.0711198
221-B_08,0.0734896
221-B_09,0.0673307
221-B_10,0.0536719
222-A_01,0.13082
222-A_02,0.118906
222-A_03,0.13194
222-A_04,0.120456
222-A_05,0.109674
222-B_06,0.11582
222-B_07,0.123685
222-B_08,0.115221
222-B_09,0.132005
222-B_10,0.124922
223-A_01,0.087526
223-A_02,0.0892448
223-A_03,0.0883724
223-A_04,0.0808464
223-A_05,0.0810026
223-B_06,0.0961068
223-B_07,0.0888932
223-B_08,0.0761458
223-B_09,0.0873828
223-B_10,0.0928255
224-A_01,0.0840625
224-A_02,0.081237
224-A_03,0.0719271
224-A_04,0.071237
224-A_05,0.08375
224-B_06,0.115247
224-B_07,0.117591
224-B_08,0.106771
224-B_09,0.111771
224-B_10,0.101133
