001-A_01,0
001-A_02,0.00898438
001-A_03,0.00242187
001-A_04,0.0078125
001-A_05,0
001-B_06,0.00453125
001-B_07,0.0111589
001-B_08,0.0040625
001-B_09,0.00924479
001-B_10,0.0040625
002-A_01,0.0282552
002-A_02,0.0152214
002-A_03,0.00772135
002-A_04,0.00803385
002-A_05,0.00924479
002-B_06,0.00799479
002-B_07,0.00652344
002-B_08,0.00911458
002-B_09,0.0112891
002-B_10,0.0038151
003-A_01,0.0150781
003-A_02,0.00591146
003-A_03,0
003-A_04,0.0136458
003-A_05,0.00820313
003-B_06,0.00585938
003-B_07,0.0107813
003-B_08,0.00992188
003-B_09,0.0110938
003-B_10,0.00885417
004-A_01,0.00929688
004-A_02,0.00385417
004-A_03,0.0186589
004-A_04,0.00369792
004-A_05,0.0108073
004-B_06,0.0132422
004-B_07,0.0201172
004-B_08,0.0184245
004-B_09,0.0078776
004-B_10,0.00611979
005-A_01,0.0336458
005-A_02,0.0417578
005-A_03,0.0444401
005-A_04,0.0508203
005-A_05,0.00705729
005-B_06,0.00705729
005-B_07,0.0269271
005-B_08,0.0492578
005-B_09,0.021875
005-B_10,0.0326302
006-A_01,0.0099349
006-A_02,0.00800781
006-A_03,0.0108854
006-A_04,0.0145703
006-A_05,0.00416667
006-B_06,0.00946615
006-B_07,0.00946615
006-B_08,0.0245833
006-B_09,0.0101172
006-B_10,0.011276
007-A_01,0.0273177
007-A_02,0.0233594
007-A_03,0.0158984
007-A_04,0.00354167
007-A_05,0.0694922
007-B_06,0.00828125
007-B_07,0
007-B_08,0.00221354
007-B_09,0.0588542
007-B_10,0.0186068
008-A_01,0.0261849
008-A_02,0.00796875
008-A_03,0.0226823
008-A_04,0.0116016
008-A_05,0.0270833
008-B_06,0.00268229
008-B_07,0
008-B_08,0.0332813
008-B_09,0.0367188
008-B_10,0.0125521
009-A_01,0.0321484
009-A_02,0.0120182
009-A_03,0.0342969
009-A_04,0.0766016
009-A_05,0.0496875
009-B_06,0.064375
009-B_07,0.004375
009-B_08,0.0828385
009-B_09,0.0899479
009-B_10,0.0207422
010-A_01,0.392435
010-A_02,0.0813281
010-A_03,0.371797
010-A_04,0.367982
010-A_05,0.337096
010-B_06,0.0192839
010-B_07,0.00901042
010-B_08,0.355534
010-B_09,0.384232
010-B_10,0.392435
011-A_01,0.003125
011-A_02,0.0134896
011-A_03,0.0153906
011-A_04,0.0135677
011-A_05,0.0151042
011-B_06,0.0118229
011-B_07,0.00820313
011-B_08,0.0852995
011-B_09,0.003125
011-B_10,0.0226823
012-A_01,0.0105339
012-A_02,0.0134896
012-A_03,0.013724
012-A_04,0.0140625
012-A_05,0.0159766
012-B_06,0.00416667
012-B_07,0.015638
012-B_08,0.00815104
012-B_09,0.0046875
012-B_10,0
013-A_01,0.169219
013-A_02,0.12625
013-A_03,0.317552
013-A_04,0.388867
013-A_05,0.567656
013-B_06,0.055612
013-B_07,0.0413542
013-B_08,0.049401
013-B_09,0.0235677
013-B_10,0.183646
014-A_01,0.00190104
014-A_02,0.0117578
014-A_03,0.0104427
014-A_04,0.0259375
014-A_05,0.0100781
014-B_06,0.0121875
014-B_07,0.0770052
014-B_08,0.0154297
014-B_09,0.0239714
014-B_10,0.0163672
015-A_01,0.0127083
015-A_02,0.0491146
015-A_03,0.0738932
015-A_04,0.123229
015-A_05,0.0878516
015-B_06,0.0111979
015-B_07,0.0151042
015-B_08,0.0196094
015-B_09,0.00989583
015-B_10,0.0136719
016-A_01,0.0507552
016-A_02,0.0197135
016-A_03,0.0121875
016-A_04,0.0196094
016-A_05,0.0134896
016-B_06,0.0149349
016-B_07,0.0180729
016-B_08,0.018125
016-B_09,0.0097526
016-B_10,0.0117318
017-A_01,0.0173177
017-A_02,0.0414844
017-A_03,0.0777995
017-A_04,0.0142578
017-A_05,0.0126693
017-B_06,0.0235417
017-B_07,0.0231641
017-B_08,0.0115625
017-B_09,0.0650391
017-B_10,0.00739583
018-A_01,0.0102083
018-A_02,0.00643229
018-A_03,0.00835938
018-A_04,0.0136979
018-A_05,0.0111979
018-B_06,0.0151302
018-B_07,0.0232812
018-B_08,0.0237109
018-B_09,0.0132292
018-B_10,0.00904948
019-A_01,0.0660156
019-A_02,0.291758
019-A_03,0.0245703
019-A_04,0.0152734
019-A_05,0.0314323
019-B_06,0.0312109
019-B_07,0.0236068
019-B_08,0.296732
019-B_09,0.0351562
019-B_10,0.0238802
020-A_01,0.0101823
020-A_02,0.0279427
020-A_03,0.037513
020-A_04,0.0184375
020-A_05,0.00736979
020-B_06,0.0178255
020-B_07,0.055612
020-B_08,0.0640885
020-B_09,0.0361198
020-B_10,0.0605208
021-A_01,0.0334635
021-A_02,0.043737
021-A_03,0.0246484
021-A_04,0.0198047
021-A_05,0.0266276
021-B_06,0.0114583
021-B_07,0.0123958
021-B_08,0.0410156
021-B_09,0.0246484
021-B_10,0.0123698
022-A_01,0.0120313
022-A_02,0.0158464
022-A_03,0.00817708
022-A_04,0.0192578
022-A_05,0.0269792
022-B_06,0.0209375
022-B_07,0.0235547
022-B_08,0.0138281
022-B_09,0.0186719
022-B_10,0.0128776
023-A_01,0.0120182
023-A_02,0.0258203
023-A_03,0.00561198
023-A_04,0.0127604
023-A_05,0.0110286
023-B_06,0.00856771
023-B_07,0.00523438
023-B_08,0.00729167
023-B_09,0.0114063
023-B_10,0.0155469
024-A_01,0.0103646
024-A_02,0.0216406
024-A_03,0.0300781
024-A_04,0.0168229
024-A_05,0.0355469
024-B_06,0.00731771
024-B_07,0.0288281
024-B_08,0.0136068
024-B_09,0.0165885
024-B_10,0.0221094
025-A_01,0.0448958
025-A_02,0.0329948
025-A_03,0.00861979
025-A_04,0.0120833
025-A_05,0.0277995
025-B_06,0.00333333
025-B_07,0.0790885
025-B_08,0.330885
025-B_09,0.0530208
025-B_10,0.330677
026-A_01,0.0120443
026-A_02,0.018125
026-A_03,0.0142708
026-A_04,0.0290755
026-A_05,0.0159245
026-B_06,0.0114714
026-B_07,0.0121224
026-B_08,0.0127344
026-B_09,0.0113802
026-B_10,0.00828125
027-A_01,0.0183203
027-A_02,0.00513021
027-A_03,0.0247917
027-A_04,0.0166406
027-A_05,0.0210677
027-B_06,0.117474
027-B_07,0.0574219
027-B_08,0.0116927
027-B_09,0.0189844
027-B_10,0.0189583
028-A_01,0.0272135
028-A_02,0.0232292
028-A_03,0.0397917
028-A_04,0.0364323
028-A_05,0.0415234
028-B_06,0.0704167
028-B_07,0.0702604
028-B_08,0.0611979
028-B_09,0.32974
028-B_10,0.0559115
029-A_01,0.0148958
029-A_02,0.00945313
029-A_03,0.0170182
029-A_04,0.00359375
029-A_05,0.0142578
029-B_06,0.0259115
029-B_07,0.0617188
029-B_08,0.177839
029-B_09,0.015026
029-B_10,0.0420573
030-A_01,0.00890625
030-A_02,0.0108333
030-A_03,0.0145182
030-A_04,0.0160938
030-A_05,0.0113672
030-B_06,0.014388
030-B_07,0.021875
030-B_08,0.0576302
030-B_09,0.00855469
030-B_10,0.0099349
031-A_01,0.0165885
031-A_02,0.00679688
031-A_03,0.00692708
031-A_04,0.011276
031-A_05,0.00796875
031-B_06,0.0196484
031-B_07,0.0250391
031-B_08,0.0861849
031-B_09,0.0226302
031-B_10,0.0260417
032-A_01,0.0957552
032-A_02,0.0372005
032-A_03,0.0068099
032-A_04,0.0103125
032-A_05,0.0205599
032-B_06,0.03875
032-B_07,0.0157682
032-B_08,0.0157682
032-B_09,0.0226693
032-B_10,0.0385807
033-A_01,0.016276
033-A_02,0.0415365
033-A_03,0.0234115
033-A_04,0.0292969
033-A_05,0.0172135
033-B_06,0.0422526
033-B_07,0.026224
033-B_08,0.329557
033-B_09,0.0653125
033-B_10,0.332383
034-A_01,0.0124479
034-A_02,0.0142708
034-A_03,0.0215755
034-A_04,0.0125521
034-A_05,0.00938802
034-B_06,0.0222266
034-B_07,0.00660156
034-B_08,0.0102995
034-B_09,0.0147526
034-B_10,0.0138932
035-A_01,0.0198177
035-A_02,0.011224
035-A_03,0.011875
035-A_04,0.00708333
035-A_05,0.0130208
035-B_06,0
035-B_07,0
035-B_08,0
035-B_09,0.0861589
035-B_10,0.236211
036-A_01,0.0356641
036-A_02,0.00751302
036-A_03,0.0099349
036-A_04,0.0103125
036-A_05,0.00328125
036-B_06,0.00265625
036-B_07,0.0383333
036-B_08,0.00778646
036-B_09,0.00826823
036-B_10,0.00686198
037-A_01,0.00375
037-A_02,0
037-A_03,0.00447917
037-A_04,0.0114063
037-A_05,0.0104036
037-B_06,0.00602865
037-B_07,0.00571615
037-B_08,0.00342448
037-B_09,0.0124609
037-B_10,0
038-A_01,0.0112891
038-A_02,0.0109505
038-A_03,0.00549479
038-A_04,0.0499479
038-A_05,0.00699219
038-B_06,0.0140104
038-B_07,0.00385417
038-B_08,0.0140885
038-B_09,0.00438802
038-B_10,0.00473958
039-A_01,0.0120964
039-A_02,0.00416667
039-A_03,0.00565104
039-A_04,0.013724
039-A_05,0.00807292
039-B_06,0.00960937
039-B_07,0.0145182
039-B_08,0.00997396
039-B_09,0.0104948
039-B_10,0.0103906
040-A_01,0.00611979
040-A_02,0.00375
040-A_03,0.0123828
040-A_04,0.0105729
040-A_05,0.00257813
040-B_06,0.0149349
040-B_07,0.00985677
040-B_08,0.0139844
040-B_09,0.0195833
040-B_10,0.0166406
041-A_01,0.00557292
041-A_02,0.0102865
041-A_03,0.0248177
041-A_04,0.01125
041-A_05,0.016224
041-B_06,0.0186719
041-B_07,0.015625
041-B_08,0.0201302
041-B_09,0.00986979
041-B_10,0.00234375
042-A_01,0.00816406
042-A_02,0.00385417
042-A_03,0.00385417
042-A_04,0.0217188
042-A_05,0.00914063
042-B_06,0.0157031
042-B_07,0.0182813
042-B_08,0.00236979
042-B_09,0.0119271
042-B_10,0.0111719
043-A_01,0.00858073
043-A_02,0.0213411
043-A_03,0.0132292
043-A_04,0.00908854
043-A_05,0.0109635
043-B_06,0.0724609
043-B_07,0.0707813
043-B_08,0.0272266
043-B_09,0.0305599
043-B_10,0.00716146
044-A_01,0.0247135
044-A_02,0.0128906
044-A_03,0.0541276
044-A_04,0.0121354
044-A_05,0.0127083
044-B_06,0.331758
044-B_07,0.414466
044-B_08,0.430365
044-B_09,0.34974
044-B_10,0.0285938
045-A_01,0.0100521
045-A_02,0.0134896
045-A_03,0.012474
045-A_04,0.0246875
045-A_05,0.0235677
045-B_06,0.0102344
045-B_07,0.0209896
045-B_08,0.020638
045-B_09,0.00830729
045-B_10,0.013125
046-A_01,0.0272396
046-A_02,0.0211198
046-A_03,0.0258464
046-A_04,0.0333073
046-A_05,0.0248438
046-B_06,0.0116146
046-B_07,0.00986979
046-B_08,0.0331771
046-B_09,0.0139323
046-B_10,0.0204688
047-A_01,0.361094
047-A_02,0.0138802
047-A_03,0.327565
047-A_04,0.332214
047-A_05,0.323659
047-B_06,0.00747396
047-B_07,0.0105469
047-B_08,0.00415365
047-B_09,0.0069401
047-B_10,0.00265625
048-A_01,0.0301172
048-A_02,0.0347917
048-A_03,0.0179427
048-A_04,0.0383724
048-A_05,0.0239714
048-B_06,0.0173438
048-B_07,0.0108984
048-B_08,0.0249479
048-B_09,0.0174089
048-B_10,0.0159766
049-A_01,0.00960937
049-A_02,0.0152604
049-A_03,0.0125781
049-A_04,0.0115625
049-A_05,0.0264583
049-B_06,0.0247396
049-B_07,0.0134896
049-B_08,0.0414583
049-B_09,0.00359375
049-B_10,0.0121094
050-A_01,0.0154557
050-A_02,0.0117578
050-A_03,0.00829427
050-A_04,0.0300651
050-A_05,0.0164453
050-B_06,0.027513
050-B_07,0.0120833
050-B_08,0.0311719
050-B_09,0.0276042
050-B_10,0.0358333
051-A_01,0.00940104
051-A_02,0.0121094
051-A_03,0.00395833
051-A_04,0.0126042
051-A_05,0.0171094
051-B_06,0.00904948
051-B_07,0.015599
051-B_08,0.0129688
051-B_09,0.0148047
051-B_10,0.0123568
052-A_01,0.00776042
052-A_02,0.00776042
052-A_03,0.0207161
052-A_04,0.014349
052-A_05,0.0244922
052-B_06,0.0370964
052-B_07,0.00934896
052-B_08,0.0129427
052-B_09,0.00415365
052-B_10,0.0249349
053-A_01,0.0131641
053-A_02,0.0104557
053-A_03,0.0160026
053-A_04,0.00727865
053-A_05,0.0134245
053-B_06,0.0302474
053-B_07,0.0196224
053-B_08,0.0117318
053-B_09,0.0110547
053-B_10,0.0271615
054-A_01,0.0132292
054-A_02,0.0115885
054-A_03,0.00283854
054-A_04,0.0112891
054-A_05,0.0177344
054-B_06,0.00833333
054-B_07,0.00714844
054-B_08,0.00713542
054-B_09,0.00354167
054-B_10,0.0111589
055-A_01,0.00955729
055-A_02,0.00364583
055-A_03,0.0096224
055-A_04,0.00365885
055-A_05,0.00677083
055-B_06,0.0101042
055-B_07,0.0096875
055-B_08,0.0172786
055-B_09,0.0298698
055-B_10,0.0373438
056-A_01,0.0209375
056-A_02,0.0251693
056-A_03,0.0222266
056-A_04,0.00416667
056-A_05,0.0078125
056-B_06,0.013138
056-B_07,0.0177083
056-B_08,0.0191276
056-B_09,0.0109505
056-B_10,0.0178516
057-A_01,0.00513021
057-A_02,0.0149349
057-A_03,0.0160938
057-A_04,0.013724
057-A_05,0.00752604
057-B_06,0.0217708
057-B_07,0.0118229
057-B_08,0.00809896
057-B_09,0.0109635
057-B_10,0
058-A_01,0.111576
058-A_02,0.0761458
058-A_03,0.0355729
058-A_04,0.0335026
058-A_05,0.0407813
058-B_06,0.026849
058-B_07,0.0813542
058-B_08,0.0133333
058-B_09,0.328477
058-B_10,0.345911
059-A_01,0.404857
059-A_02,0.33901
059-A_03,0.273906
059-A_04,0.0844922
059-A_05,0.0514583
059-B_06,0.115638
059-B_07,0.0508464
059-B_08,0.267005
059-B_09,0.0275521
059-B_10,0.00809896
060-A_01,0.0385938
060-A_02,0.0114583
060-A_03,0.0154036
060-A_04,0.00867188
060-A_05,0.00333333
060-B_06,0.011901
060-B_07,0.0164844
060-B_08,0.00997396
060-B_09,0.00459635
060-B_10,0.0379036
061-A_01,0.0308854
061-A_02,0.0036849
061-A_03,0.0257292
061-A_04,0.0310807
061-A_05,0.0203255
061-B_06,0.098151
061-B_07,0.118438
061-B_08,0.0652083
061-B_09,0.0703385
061-B_10,0.00908854
062-A_01,0.0725391
062-A_02,0.0364453
062-A_03,0.00692708
062-A_04,0.0134766
062-A_05,0.0122526
062-B_06,0.0311719
062-B_07,0.227813
062-B_08,0.0182813
062-B_09,0.0254167
062-B_10,0.0238151
063-A_01,0.0173177
063-A_02,0.00919271
063-A_03,0.00796875
063-A_04,0.00919271
063-A_05,0.00966146
063-B_06,0.0123958
063-B_07,0.011901
063-B_08,0.00554688
063-B_09,0.0125521
063-B_10,0.00908854
064-A_01,0
064-A_02,0.0309115
064-A_03,0.0277604
064-A_04,0.0165104
064-A_05,0.0194922
064-B_06,0.0256771
064-B_07,0.0228385
064-B_08,0.031901
064-B_09,0.0374609
064-B_10,0.021224
065-A_01,0.003125
065-A_02,0.0068099
065-A_03,0.0357943
065-A_04,0.01375
065-A_05,0.0145052
065-B_06,0.0145052
065-B_07,0.0382682
065-B_08,0.0227474
065-B_09,0.0159766
065-B_10,0.0121745
066-A_01,0.0292969
066-A_02,0.0215625
066-A_03,0.0127083
066-A_04,0.0197396
066-A_05,0.0136719
066-B_06,0.0120833
066-B_07,0.0113802
066-B_08,0.00914063
066-B_09,0.00916667
066-B_10,0.0113802
067-A_01,0.0123698
067-A_02,0.0310417
067-A_03,0.00565104
067-A_04,0.00908854
067-A_05,0.0129948
067-B_06,0.0427865
067-B_07,0.0461068
067-B_08,0.00938802
067-B_09,0.00994792
067-B_10,0.00989583
068-A_01,0.0174609
068-A_02,0.0196224
068-A_03,0.030026
068-A_04,0.0248698
068-A_05,0.361862
068-B_06,0.0260807
068-B_07,0.027487
068-B_08,0.0141536
068-B_09,0.0270964
068-B_10,0.0279297
069-A_01,0.0779948
069-A_02,0.0804036
069-A_03,0.00221354
069-A_04,0.0151432
069-A_05,0.0179818
069-B_06,0.00911458
069-B_07,0.0122396
069-B_08,0.0117448
069-B_09,0.0123698
069-B_10,0.0169271
070-A_01,0
070-A_02,0.0161068
070-A_03,0.0155078
070-A_04,0.00302083
070-A_05,0.0277734
070-B_06,0.013125
070-B_07,0.0138932
070-B_08,0.0208073
070-B_09,0.0185026
070-B_10,0.00481771
071-A_01,0.00914063
071-A_02,0.00919271
071-A_03,0.0116927
071-A_04,0.00960937
071-A_05,0.00783854
071-B_06,0.0452865
071-B_07,0.019987
071-B_08,0.245833
071-B_09,0.02
071-B_10,0.0153385
072-A_01,0.0077474
072-A_02,0.0072526
072-A_03,0.00878906
072-A_04,0.011901
072-A_05,0.00746094
072-B_06,0.0161068
072-B_07,0.0120313
072-B_08,0.016849
072-B_09,0.0120833
072-B_10,0.00744792
073-A_01,0.0173047
073-A_02,0.0230599
073-A_03,0.00890625
073-A_04,0.00951823
073-A_05,0.0107422
073-B_06,0.0273698
073-B_07,0.00958333
073-B_08,0.0261719
073-B_09,0.014388
073-B_10,0.00954427
074-A_01,0.00346354
074-A_02,0.0164063
074-A_03,0.00934896
074-A_04,0.0150391
074-A_05,0.0469531
074-B_06,0.00790365
074-B_07,0.00893229
074-B_08,0.0102734
074-B_09,0.010625
074-B_10,0.0127734
075-A_01,0.0111328
075-A_02,0.0219922
075-A_03,0.0109375
075-A_04,0.0204818
075-A_05,0.0198307
075-B_06,0.00236979
075-B_07,0.418984
075-B_08,0.0572396
075-B_09,0.0705469
075-B_10,0.418867
076-A_01,0.00817708
076-A_02,0.00895833
076-A_03,0.0578906
076-A_04,0.00773438
076-A_05,0.00257813
076-B_06,0.00485677
076-B_07,0.0252083
076-B_08,0.0610156
076-B_09,0.00989583
076-B_10,0.00544271
077-A_01,0.00854167
077-A_02,0.00929688
077-A_03,0.00929688
077-A_04,0.0177083
077-A_05,0.00354167
077-B_06,0.00559896
077-B_07,0.0245964
077-B_08,0.0195703
077-B_09,0.0233073
077-B_10,0.0130208
078-A_01,0
078-A_02,0.0066276
078-A_03,0.00641927
078-A_04,0.0151042
078-A_05,0.0111198
078-B_06,0.0110547
078-B_07,0.0241536
078-B_08,0.00932292
078-B_09,0.0139193
078-B_10,0.00730469
079-A_01,0.00205729
079-A_02,0.0133073
079-A_03,0.0136458
079-A_04,0.014974
079-A_05,0.010599
079-B_06,0.00835938
079-B_07,0.00830729
079-B_08,0.0130469
079-B_09,0.0115104
079-B_10,0.00963542
080-A_01,0.0405208
080-A_02,0.0040625
080-A_03,0.0260417
080-A_04,0.0121484
080-A_05,0.024388
080-B_06,0.0256901
080-B_07,0.0969141
080-B_08,0.0760156
080-B_09,0.0898698
080-B_10,0.00359375
081-A_01,0.00770833
081-A_02,0.00397135
081-A_03,0.0117839
081-A_04,0.0326953
081-A_05,0.0107422
081-B_06,0.0168229
081-B_07,0.0108073
081-B_08,0.00902344
081-B_09,0
081-B_10,0.011901
082-A_01,0.0126172
082-A_02,0.0139063
082-A_03,0.0113281
082-A_04,0.00890625
082-A_05,0.0159375
082-B_06,0.0127995
082-B_07,0.0126042
082-B_08,0.00933594
082-B_09,0.0173958
082-B_10,0.0135026
083-A_01,0.0153516
083-A_02,0.0115495
083-A_03,0.008125
083-A_04,0.0120052
083-A_05,0.0195703
083-B_06,0.0825391
083-B_07,0.0409115
083-B_08,0.0797396
083-B_09,0.0749219
083-B_10,0.023125
084-A_01,0.0433594
084-A_02,0.0177474
084-A_03,0.0184766
084-A_04,0.0146354
084-A_05,0.0229948
084-B_06,0.026237
084-B_07,0.0139323
084-B_08,0.0170052
084-B_09,0.00804688
084-B_10,0.0179297
085-A_01,0.00322917
085-A_02,0.021224
085-A_03,0.0243229
085-A_04,0.00720052
085-A_05,0.021276
085-B_06,0
085-B_07,0.0217318
085-B_08,0.0120573
085-B_09,0.0121484
085-B_10,0.00985677
086-A_01,0.0125521
086-A_02,0.0178906
086-A_03,0.0125521
086-A_04,0.0221094
086-A_05,0.0136458
086-B_06,0.0571094
086-B_07,0.0691927
086-B_08,0.0608724
086-B_09,0.061875
086-B_10,0.0452344
087-A_01,0.0156771
087-A_02,0.0209896
087-A_03,0.0133203
087-A_04,0.00895833
087-A_05,0.0104427
087-B_06,0.00494792
087-B_07,0.00492188
087-B_08,0.00838542
087-B_09,0.00705729
087-B_10,0.00709635
088-A_01,0.0426302
088-A_02,0.0481901
088-A_03,0.0576432
088-A_04,0.0403646
088-A_05,0.0576953
088-B_06,0.0796354
088-B_07,0.0119792
088-B_08,0.0141146
088-B_09,0.0544792
088-B_10,0.00798177
089-A_01,0.0104297
089-A_02,0.0126823
089-A_03,0.0122656
089-A_04,0.0122526
089-A_05,0.00928385
089-B_06,0.0113021
089-B_07,0.0167708
089-B_08,0.011875
089-B_09,0.00559896
089-B_10,0.0120833
090-A_01,0.0541927
090-A_02,0.0104557
090-A_03,0.00916667
090-A_04,0.0666536
090-A_05,0.0178906
090-B_06,0.0109115
090-B_07,0.00903646
090-B_08,0.039401
090-B_09,0.0405729
090-B_10,0.00544271
091-A_01,0.0789063
091-A_02,0.313659
091-A_03,0.0270182
091-A_04,0.0443229
091-A_05,0.0285677
091-B_06,0.016263
091-B_07,0.0194531
091-B_08,0.0490234
091-B_09,0.0826563
091-B_10,0.0884635
092-A_01,0.0120703
092-A_02,0.0119661
092-A_03,0.0151432
092-A_04,0.00856771
092-A_05,0.0205078
092-B_06,0.00502604
092-B_07,0.0116536
092-B_08,0.011862
092-B_09,0.142917
092-B_10,0.00804688
093-A_01,0.0128776
093-A_02,0.0146484
093-A_03,0.0129557
093-A_04,0.010625
093-A_05,0.0136328
093-B_06,0.0084375
093-B_07,0.0719271
093-B_08,0.0820052
093-B_09,0.0451042
093-B_10,0.0526953
094-A_01,0.0126563
094-A_02,0.0128385
094-A_03,0.00765625
094-A_04,0.00354167
094-A_05,0.0134896
094-B_06,0.0123438
094-B_07,0.0450651
094-B_08,0.0332031
094-B_09,0.0135677
094-B_10,0.00554688
095-A_01,0.397565
095-A_02,0.00869792
095-A_03,0.0138411
095-A_04,0.0150521
095-A_05,0.104974
095-B_06,0.00740885
095-B_07,0.0769271
095-B_08,0.41168
095-B_09,0.01
095-B_10,0.0226693
096-A_01,0.00333333
096-A_02,0.011849
096-A_03,0.0138021
096-A_04,0.00882813
096-A_05,0.00973958
096-B_06,0.0598438
096-B_07,0.0501953
096-B_08,0.0161198
096-B_09,0.0195312
096-B_10,0.0153906
097-A_01,0.00903646
097-A_02,0.0150521
097-A_03,0.00736979
097-A_04,0.0109375
097-A_05,0.0102995
097-B_06,0.0119922
097-B_07,0.0116016
097-B_08,0.00776042
097-B_09,0.0113802
097-B_10,0.014388
098-A_01,0.0583203
098-A_02,0.00804688
098-A_03,0.0182552
098-A_04,0.026875
098-A_05,0.00678385
098-B_06,0.385378
098-B_07,0.36168
098-B_08,0.0180208
098-B_09,0.36418
098-B_10,0.0460547
099-A_01,0.00692708
099-A_02,0.00783854
099-A_03,0.0266536
099-A_04,0.0159375
099-A_05,0.0192187
099-B_06,0.0145443
099-B_07,0.011901
099-B_08,0.0151172
099-B_09,0.00864583
099-B_10,0.0189714
100-A_01,0.00851563
100-A_02,0.0103255
100-A_03,0.0133333
100-A_04,0.0145443
100-A_05,0.0123568
100-B_06,0.0308333
100-B_07,0.00911458
100-B_08,0.010612
100-B_09,0.003125
100-B_10,0.0315104
101-A_01,0.0122135
101-A_02,0.0122396
101-A_03,0.0279818
101-A_04,0.00971354
101-A_05,0.0175521
101-B_06,0.0195443
101-B_07,0.0214193
101-B_08,0.0218359
101-B_09,0.018724
101-B_10,0.031901
102-A_01,0.0301302
102-A_02,0.0203125
102-A_03,0.0161198
102-A_04,0.0513411
102-A_05,0.0249219
102-B_06,0.0203516
102-B_07,0.0214583
102-B_08,0.0292578
102-B_09,0.042487
102-B_10,0.0305339
103-A_01,0.0746615
103-A_02,0.0434635
103-A_03,0.0554948
103-A_04,0.0799349
103-A_05,0.0198307
103-B_06,0.338216
103-B_07,0.0134635
103-B_08,0.0671354
103-B_09,0.0833073
103-B_10,0.0155469
104-A_01,0.0210156
104-A_02,0.0148438
104-A_03,0.00924479
104-A_04,0.0090625
104-A_05,0.0126823
104-B_06,0.0150391
104-B_07,0.0216797
104-B_08,0.0146745
104-B_09,0.0096875
104-B_10,0.00942708
105-A_01,0.0276302
105-A_02,0.0272656
105-A_03,0.00458333
105-A_04,0.0176953
105-A_05,0.0123307
105-B_06,0.0178646
105-B_07,0.0176042
105-B_08,0.010625
105-B_09,0.00553385
105-B_10,0.00548177
106-A_01,0.0117969
106-A_02,0.013125
106-A_03,0.0117188
106-A_04,0.015651
106-A_05,0.0263021
106-B_06,0.0114323
106-B_07,0.0197396
106-B_08,0.00302083
106-B_09,0.0197396
106-B_10,0.0134896
107-A_01,0.00940104
107-A_02,0.38444
107-A_03,0.0176432
107-A_04,0.0116536
107-A_05,0.0369922
107-B_06,0.045
107-B_07,0.0516667
107-B_08,0.0213542
107-B_09,0.0184766
107-B_10,0.0216797
108-A_01,0.331667
108-A_02,0.0997917
108-A_03,0.0590365
108-A_04,0.351393
108-A_05,0.012526
108-B_06,0.0445182
108-B_07,0.149427
108-B_08,0.0365104
108-B_09,0.0759635
108-B_10,0.0369792
109-A_01,0.00960937
109-A_02,0.0413281
109-A_03,0.0123698
109-A_04,0.0123438
109-A_05,0.00885417
109-B_06,0.003125
109-B_07,0.0283724
109-B_08,0.0115104
109-B_09,0.0929427
109-B_10,0.00885417
110-A_01,0.00752604
110-A_02,0.0111198
110-A_03,0.00856771
110-A_04,0.012474
110-A_05,0.00888021
110-B_06,0.00895833
110-B_07,0.0276302
110-B_08,0.0478646
110-B_09,0.025599
110-B_10,0.0245833
111-A_01,0.0114583
111-A_02,0.0158333
111-A_03,0.0121875
111-A_04,0.013724
111-A_05,0.018724
111-B_06,0.0317188
111-B_07,0.0858594
111-B_08,0.0143229
111-B_09,0.00747396
111-B_10,0.0141927
112-A_01,0.0307031
112-A_02,0.0545833
112-A_03,0.0638281
112-A_04,0.0272656
112-A_05,0.015
112-B_06,0.013125
112-B_07,0.0146224
112-B_08,0.0253906
112-B_09,0.0416276
112-B_10,0.0119271
113-A_01,0.0109766
113-A_02,0.014362
113-A_03,0.0114583
113-A_04,0.0123177
113-A_05,0.037474
113-B_06,0.00333333
113-B_07,0.00872396
113-B_08,0.00755208
113-B_09,0.0135417
113-B_10,0.00949219
114-A_01,0.0274609
114-A_02,0.0323698
114-A_03,0.0280339
114-A_04,0.00744792
114-A_05,0.0223047
114-B_06,0.0170313
114-B_07,0.011237
114-B_08,0.00865885
114-B_09,0.00884115
114-B_10,0.028763
115-A_01,0.00273438
115-A_02,0.0119531
115-A_03,0.00411458
115-A_04,0.0117057
115-A_05,0.0299609
115-B_06,0.0122266
115-B_07,0.0176563
115-B_08,0.014349
115-B_09,0.0114453
115-B_10,0.0104948
116-A_01,0.00333333
116-A_02,0.0113281
116-A_03,0.00907552
116-A_04,0.0161849
116-A_05,0.010026
116-B_06,0.0130729
116-B_07,0.0153646
116-B_08,0.0125781
116-B_09,0.0198177
116-B_10,0.00794271
117-A_01,0.0103906
117-A_02,0.0133073
117-A_03,0.00751302
117-A_04,0.00541667
117-A_05,0.0194141
117-B_06,0.00554688
117-B_07,0.00554688
117-B_08,0.00546875
117-B_09,0.0142839
117-B_10,0.0156771
118-A_01,0.431198
118-A_02,0.108086
118-A_03,0.00665365
118-A_04,0.0117057
118-A_05,0.10694
118-B_06,0.0873438
118-B_07,0.018151
118-B_08,0.0232292
118-B_09,0.0128906
118-B_10,0.0153906
119-A_01,0.0327865
119-A_02,0.0116927
119-A_03,0.0147396
119-A_04,0.0126563
119-A_05,0.0107161
119-B_06,0.00391927
119-B_07,0.011862
119-B_08,0.00296875
119-B_09,0.00658854
119-B_10,0.0164193
120-A_01,0.00902344
120-A_02,0.00654948
120-A_03,0.00846354
120-A_04,0.00911458
120-A_05,0.009375
120-B_06,0.0177604
120-B_07,0.00265625
120-B_08,0.0105208
120-B_09,0.00889323
120-B_10,0.00265625
121-A_01,0.0129688
121-A_02,0.00997396
121-A_03,0.006875
121-A_04,0.0155469
121-A_05,0.00846354
121-B_06,0.00815104
121-B_07,0.0155469
121-B_08,0.0266927
121-B_09,0.0261979
121-B_10,0.0119792
122-A_01,0.0221615
122-A_02,0.0114323
122-A_03,0.0127604
122-A_04,0.00893229
122-A_05,0.00945313
122-B_06,0.0117708
122-B_07,0.0160417
122-B_08,0.028776
122-B_09,0.0111719
122-B_10,0.0163021
123-A_01,0.0128646
123-A_02,0.0117318
123-A_03,0.0136198
123-A_04,0.0194792
123-A_05,0.00808594
123-B_06,0.0242839
123-B_07,0.0248438
123-B_08,0.029375
123-B_09,0.013125
123-B_10,0.00916667
124-A_01,0.0141016
124-A_02,0.014362
124-A_03,0
124-A_04,0.00364583
124-A_05,0.0133333
124-B_06,0.00575521
124-B_07,0.0143229
124-B_08,0
124-B_09,0.0100521
124-B_10,0.00966146
125-A_01,0.0139453
125-A_02,0.00820313
125-A_03,0.0204427
125-A_04,0.0130208
125-A_05,0.0185417
125-B_06,0.0595313
125-B_07,0.0165365
125-B_08,0.0104557
125-B_09,0.00898438
125-B_10,0.0192448
126-A_01,0.00696615
126-A_02,0.00865885
126-A_03,0.0064974
126-A_04,0.0100391
126-A_05,0.0104036
126-B_06,0.0154688
126-B_07,0.0295052
126-B_08,0.00738281
126-B_09,0.0272135
126-B_10,0.00755208
127-A_01,0.0129688
127-A_02,0.003125
127-A_03,0.0138281
127-A_04,0.0129688
127-A_05,0.0129688
127-B_06,0.0283854
127-B_07,0.0122656
127-B_08,0.0147396
127-B_09,0.0161068
127-B_10,0.0220052
128-A_01,0.00929688
128-A_02,0.0125651
128-A_03,0.00575521
128-A_04,0.0130599
128-A_05,0.0222135
128-B_06,0.0110807
128-B_07,0.0149479
128-B_08,0.0166016
128-B_09,0.008125
128-B_10,0.0130599
129-A_01,0.00785156
129-A_02,0.0104036
129-A_03,0.00795573
129-A_04,0.0129557
129-A_05,0.00273438
129-B_06,0.0090625
129-B_07,0.0115625
129-B_08,0.0169531
129-B_09,0.009375
129-B_10,0.0314844
130-A_01,0.0176823
130-A_02,0.0176823
130-A_03,0.00416667
130-A_04,0.0138411
130-A_05,0.0148047
130-B_06,0.0240495
130-B_07,0.00458333
130-B_08,0.00869792
130-B_09,0.00583333
130-B_10,0.0123568
131-A_01,0.00427083
131-A_02,0.00385417
131-A_03,0.0152865
131-A_04,0.0128906
131-A_05,0.00395833
131-B_06,0.0447005
131-B_07,0.0127865
131-B_08,0.0115755
131-B_09,0.00440104
131-B_10,0.0149479
132-A_01,0.00963542
132-A_02,0.0522135
132-A_03,0.0165234
132-A_04,0.0248828
132-A_05,0.0233203
132-B_06,0.104063
132-B_07,0.0401432
132-B_08,0.0227604
132-B_09,0.0279167
132-B_10,0.0847396
133-A_01,0.0542839
133-A_02,0.0338802
133-A_03,0.0615755
133-A_04,0.0670833
133-A_05,0.0845443
133-B_06,0.00621094
133-B_07,0.0435156
133-B_08,0.00880208
133-B_09,0.010612
133-B_10,0.0140755
134-A_01,0.0040625
134-A_02,0.0040625
134-A_03,0.0040625
134-A_04,0.0101432
134-A_05,0.010013
134-B_06,0.00359375
134-B_07,0.00333333
134-B_08,0.00941406
134-B_09,0.0115104
134-B_10,0.0110417
135-A_01,0.0104167
135-A_02,0.0797917
135-A_03,0.0754557
135-A_04,0.0840625
135-A_05,0.00828125
135-B_06,0.00626302
135-B_07,0.295898
135-B_08,0.0334375
135-B_09,0.0345182
135-B_10,0.00664063
136-A_01,0.0136719
136-A_02,0.0321354
136-A_03,0.038099
136-A_04,0.0129948
136-A_05,0.0114323
136-B_06,0.0306771
136-B_07,0.0124349
136-B_08,0.0128125
136-B_09,0.0674479
136-B_10,0.0507812
137-A_01,0.0188802
137-A_02,0.0109635
137-A_03,0.00518229
137-A_04,0.327201
137-A_05,0.00200521
137-B_06,0.011224
137-B_07,0.00820313
137-B_08,0.0191016
137-B_09,0.00878906
137-B_10,0.0128125
138-A_01,0.425651
138-A_02,0.135313
138-A_03,0.379896
138-A_04,0
138-A_05,0.0418359
138-B_06,0.028112
138-B_07,0.169688
138-B_08,0.462201
138-B_09,0.458372
138-B_10,0.0364193
139-A_01,0.00670573
139-A_02,0.0081901
139-A_03,0.0119792
139-A_04,0.0174219
139-A_05,0.00977865
139-B_06,0.0167448
139-B_07,0.0239583
139-B_08,0.015625
139-B_09,0.011237
139-B_10,0
140-A_01,0.00190104
140-A_02,0.00828125
140-A_03,0.0331771
140-A_04,0.00867188
140-A_05,0.0472396
140-B_06,0.0100781
140-B_07,0.0100781
140-B_08,0.00904948
140-B_09,0.0109245
140-B_10,0.0164974
141-A_01,0.00955729
141-A_02,0.0091276
141-A_03,0.0121484
141-A_04,0.00816406
141-A_05,0.00359375
141-B_06,0.00976562
141-B_07,0.00507813
141-B_08,0.014349
141-B_09,0.0138542
141-B_10,0.00885417
142-A_01,0.0157552
142-A_02,0.0153385
142-A_03,0.0125
142-A_04,0.0152214
142-A_05,0.013099
142-B_06,0.00763021
142-B_07,0.0174089
142-B_08,0.0206901
142-B_09,0.0248438
142-B_10,0.0107161
143-A_01,0.0155208
143-A_02,0.012513
143-A_03,0.0762891
143-A_04,0.0610807
143-A_05,0.0189714
143-B_06,0.0571875
143-B_07,0.0482552
143-B_08,0.0514453
143-B_09,0.0497656
143-B_10,0.0483333
144-A_01,0.0122135
144-A_02,0.0091276
144-A_03,0.00919271
144-A_04,0.00778646
144-A_05,0.0122135
144-B_06,0.00981771
144-B_07,0.00799479
144-B_08,0.00796875
144-B_09,0.00851563
144-B_10,0.0071224
145-A_01,0.011224
145-A_02,0.00489583
145-A_03,0.00841146
145-A_04,0.0189844
145-A_05,0.00878906
145-B_06,0.0232552
145-B_07,0.0154818
145-B_08,0.00886719
145-B_09,0.0571094
145-B_10,0.0113281
146-A_01,0.038776
146-A_02,0.0208854
146-A_03,0.0655208
146-A_04,0.0783073
146-A_05,0.0879688
146-B_06,0.0195833
146-B_07,0.0292969
146-B_08,0.010599
146-B_09,0.0201042
146-B_10,0.0107552
147-A_01,0.0118229
147-A_02,0.0109635
147-A_03,0.00329427
147-A_04,0.0105729
147-A_05,0.00852865
147-B_06,0.0750781
147-B_07,0.0678125
147-B_08,0.0146875
147-B_09,0.0907292
147-B_10,0.0564063
148-A_01,0.00518229
148-A_02,0.0080599
148-A_03,0.0120703
148-A_04,0.00421875
148-A_05,0.00247396
148-B_06,0.0148958
148-B_07,0.011237
148-B_08,0.0145964
148-B_09,0.00898438
148-B_10,0.00898438
149-A_01,0.0136458
149-A_02,0.0140234
149-A_03,0.0129036
149-A_04,0.0102083
149-A_05,0.00966146
149-B_06,0.0125911
149-B_07,0.015599
149-B_08,0.0160286
149-B_09,0.00904948
149-B_10,0.0188932
150-A_01,0.00407552
150-A_02,0
150-A_03,0.0091276
150-A_04,0.00641927
150-A_05,0.00419271
150-B_06,0.00507813
150-B_07,0.00648438
150-B_08,0.00972656
150-B_09,0.0116276
150-B_10,0.011901
151-A_01,0.00578125
151-A_02,0.00816406
151-A_03,0.0169401
151-A_04,0.00333333
151-A_05,0.0240625
151-B_06,0.0977604
151-B_07,0.0788021
151-B_08,0.00924479
151-B_09,0.0136589
151-B_10,0.00302083
152-A_01,0.0688802
152-A_02,0.0874089
152-A_03,0.0880859
152-A_04,0.0775391
152-A_05,0.0715365
152-B_06,0.0565495
152-B_07,0.0549479
152-B_08,0.079349
152-B_09,0.0465625
152-B_10,0.0592318
153-A_01,0.0492057
153-A_02,0.0680208
153-A_03,0.0430859
153-A_04,0.0188281
153-A_05,0.0328385
153-B_06,0.0379688
153-B_07,0.00877604
153-B_08,0.0319922
153-B_09,0.036901
153-B_10,0.104245
154-A_01,0.0129688
154-A_02,0.00916667
154-A_03,0.0138802
154-A_04,0.0132292
154-A_05,0.0255208
154-B_06,0.0623438
154-B_07,0.0474479
154-B_08,0.0133203
154-B_09,0.0371615
154-B_10,0.0201823
155-A_01,0.0053125
155-A_02,0.00670573
155-A_03,0.00322917
155-A_04,0.0860286
155-A_05,0.00880208
155-B_06,0.0285938
155-B_07,0.0311719
155-B_08,0.0123698
155-B_09,0.023125
155-B_10,0.0198958
156-A_01,0.0234375
156-A_02,0.00842448
156-A_03,0.0146745
156-A_04,0.0116406
156-A_05,0.00815104
156-B_06,0
156-B_07,0
156-B_08,0.335065
156-B_09,0
156-B_10,0
157-A_01,0.00523438
157-A_02,0.0132552
157-A_03,0.00385417
157-A_04,0.00505208
157-A_05,0.0103125
157-B_06,0.00322917
157-B_07,0.0113802
157-B_08,0.020599
157-B_09,0.016276
157-B_10,0.0102865
158-A_01,0.0174479
158-A_02,0.00364583
158-A_03,0.00242187
158-A_04,0.00390625
158-A_05,0.00736979
158-B_06,0.0136458
158-B_07,0.0135938
158-B_08,0.0116406
158-B_09,0.0122656
158-B_10,0.0084375
159-A_01,0.0166146
159-A_02,0.0119792
159-A_03,0.0132031
159-A_04,0.00791667
159-A_05,0.0361198
159-B_06,0.0183333
159-B_07,0.0129948
159-B_08,0.0201302
159-B_09,0.00544271
159-B_10,0.037487
160-A_01,0.0118229
160-A_02,0.0127083
160-A_03,0.0120573
160-A_04,0.0110156
160-A_05,0.00557292
160-B_06,0.0103906
160-B_07,0.0167448
160-B_08,0.00815104
160-B_09,0.00815104
160-B_10,0.0265885
161-A_01,0.0176823
161-A_02,0.0108854
161-A_03,0.0105208
161-A_04,0.00700521
161-A_05,0.0040625
161-B_06,0.0247917
161-B_07,0.0359505
161-B_08,0.0391406
161-B_09,0.0306901
161-B_10,0.0309115
162-A_01,0.00385417
162-A_02,0.0186719
162-A_03,0.0189714
162-A_04,0.0123177
162-A_05,0.0122917
162-B_06,0.00746094
162-B_07,0.0133464
162-B_08,0.0102995
162-B_09,0.0097526
162-B_10,0.00364583
163-A_01,0.0117708
163-A_02,0.00942708
163-A_03,0.00519531
163-A_04,0.0138542
163-A_05,0.00395833
163-B_06,0.0324349
163-B_07,0.0266406
163-B_08,0.387383
163-B_09,0.375651
163-B_10,0.0470443
164-A_01,0.0100781
164-A_02,0.00808594
164-A_03,0.0101563
164-A_04,0.0094401
164-A_05,0.00416667
164-B_06,0.00967448
164-B_07,0.0117839
164-B_08,0.00816406
164-B_09,0.024401
164-B_10,0.0117708
165-A_01,0.0101563
165-A_02,0.00302083
165-A_03,0.0101172
165-A_04,0.0109766
165-A_05,0.0289323
165-B_06,0.0096224
165-B_07,0.0251172
165-B_08,0.0199089
165-B_09,0.0195573
165-B_10,0.0194401
166-A_01,0.00954427
166-A_02,0.00893229
166-A_03,0.00786458
166-A_04,0.00242187
166-A_05,0.00875
166-B_06,0.013151
166-B_07,0.0117448
166-B_08,0.0179818
166-B_09,0.00882813
166-B_10,0.0153385
167-A_01,0.0130599
167-A_02,0.00667969
167-A_03,0.0078776
167-A_04,0.0167708
167-A_05,0.0102734
167-B_06,0.0129167
167-B_07,0.0127474
167-B_08,0.0228516
167-B_09,0.0702474
167-B_10,0.0105078
168-A_01,0.00794271
168-A_02,0.00864583
168-A_03,0.0116146
168-A_04,0.00549479
168-A_05,0.011276
168-B_06,0.00721354
168-B_07,0.00721354
168-B_08,0.0102604
168-B_09,0.00731771
168-B_10,0.0101563
169-A_01,0.0254167
169-A_02,0.0391406
169-A_03,0.0227344
169-A_04,0.0224479
169-A_05,0.0127344
169-B_06,0.0279557
169-B_07,0.018776
169-B_08,0.0285938
169-B_09,0.0158594
169-B_10,0.0208854
170-A_01,0.0250521
170-A_02,0.0250521
170-A_03,0.00375
170-A_04,0.0122656
170-A_05,0.0213802
170-B_06,0.0136068
170-B_07,0.0195703
170-B_08,0.0194661
170-B_09,0.054974
170-B_10,0.0192708
171-A_01,0.0102604
171-A_02,0.00615885
171-A_03,0.00753906
171-A_04,0.00947917
171-A_05,0.00856771
171-B_06,0.0124479
171-B_07,0.0248438
171-B_08,0.0258984
171-B_09,0.0155729
171-B_10,0.0163021
172-A_01,0.00864583
172-A_02,0.00983073
172-A_03,0.00938802
172-A_04,0.00421875
172-A_05,0.00696615
172-B_06,0.00570313
172-B_07,0.00354167
172-B_08,0.00565104
172-B_09,0.00359375
172-B_10,0.00907552
173-A_01,0.0602344
173-A_02,0.0763542
173-A_03,0.054375
173-A_04,0.0595833
173-A_05,0.00994792
173-B_06,0.00415365
173-B_07,0.0102995
173-B_08,0.00858073
173-B_09,0.0158594
173-B_10,0.003125
174-A_01,0.00354167
174-A_02,0.0116406
174-A_03,0.0113802
174-A_04,0.00804688
174-A_05,0.0133073
174-B_06,0.00328125
174-B_07,0.00328125
174-B_08,0.00914063
174-B_09,0.0130729
174-B_10,0.00856771
175-A_01,0.0216146
175-A_02,0.00882813
175-A_03,0.00200521
175-A_04,0.0166146
175-A_05,0.0156771
175-B_06,0.00765625
175-B_07,0.00972656
175-B_08,0.00848958
175-B_09,0.0063151
175-B_10,0.0158984
176-A_01,0.0261979
176-A_02,0.0291146
176-A_03,0.0246615
176-A_04,0.0334245
176-A_05,0.0119531
176-B_06,0.0102995
176-B_07,0.016901
176-B_08,0.00882813
176-B_09,0.0104818
176-B_10,0.0110026
177-A_01,0.0543229
177-A_02,0.0752474
177-A_03,0.076849
177-A_04,0.0185677
177-A_05,0.0126302
177-B_06,0.0245833
177-B_07,0.0210938
177-B_08,0.0328385
177-B_09,0.0370052
177-B_10,0.0150781
178-A_01,0.00229167
178-A_02,0.00773438
178-A_03,0.020026
178-A_04,0.0184766
178-A_05,0.0053125
178-B_06,0.0112891
178-B_07,0.0144661
178-B_08,0.00615885
178-B_09,0.010612
178-B_10,0.00854167
179-A_01,0.0338802
179-A_02,0.0238802
179-A_03,0.0320443
179-A_04,0.0322135
179-A_05,0.0372135
179-B_06,0.0296094
179-B_07,0.0118229
179-B_08,0.031276
179-B_09,0.0352604
179-B_10,0.0238542
180-A_01,0.0228646
180-A_02,0.0084375
180-A_03,0.00333333
180-A_04,0.0278646
180-A_05,0.018125
180-B_06,0.0104948
180-B_07,0.00783854
180-B_08,0.00856771
180-B_09,0.0127344
180-B_10,0.0127083
181-A_01,0.00966146
181-A_02,0.0202344
181-A_03,0.00894531
181-A_04,0.0135417
181-A_05,0.00263021
181-B_06,0.00554688
181-B_07,0.0173438
181-B_08,0.0123438
181-B_09,0.0117448
181-B_10,0.00950521
182-A_01,0.0040625
182-A_02,0.0113281
182-A_03,0.0150781
182-A_04,0.00375
182-A_05,0.00710938
182-B_06,0.00333333
182-B_07,0.00701823
182-B_08,0.0113542
182-B_09,0.00677083
182-B_10,0.00563802
183-A_01,0.00916667
183-A_02,0.00776042
183-A_03,0.0160286
183-A_04,0.0313802
183-A_05,0.00713542
183-B_06,0.0134115
183-B_07,0.00916667
183-B_08,0.00354167
183-B_09,0.00920573
183-B_10,0
184-A_01,0.0164323
184-A_02,0.0141146
184-A_03,0.00575521
184-A_04,0.013112
184-A_05,0.018776
184-B_06,0.01
184-B_07,0.0119922
184-B_08,0.0150781
184-B_09,0.0123047
184-B_10,0.0111458
185-A_01,0.00296875
185-A_02,0.00839844
185-A_03,0.012526
185-A_04,0.00920573
185-A_05,0.012474
185-B_06,0.07625
185-B_07,0.0620313
185-B_08,0.0833073
185-B_09,0.0674479
185-B_10,0.0621484
186-A_01,0.0124219
186-A_02,0.0122396
186-A_03,0.0251563
186-A_04,0.00640625
186-A_05,0.0136979
186-B_06,0.011276
186-B_07,0.00553385
186-B_08,0.0114844
186-B_09,0.0166406
186-B_10,0.00302083
187-A_01,0.0132943
187-A_02,0.00820313
187-A_03,0.0124479
187-A_04,0.00299479
187-A_05,0.0127604
187-B_06,0.0194271
187-B_07,0.0319531
187-B_08,0.0303776
187-B_09,0.015
187-B_10,0.0163932
188-A_01,0.0105339
188-A_02,0.00967448
188-A_03,0.0128646
188-A_04,0.0121354
188-A_05,0.00958333
188-B_06,0.0111068
188-B_07,0.0159245
188-B_08,0.0109635
188-B_09,0.0163802
188-B_10,0.0109635
189-A_01,0.00388021
189-A_02,0.00971354
189-A_03,0.0128906
189-A_04,0
189-A_05,0.00403646
189-B_06,0.0173958
189-B_07,0.00955729
189-B_08,0.0150521
189-B_09,0.0125521
189-B_10,0.0135026
190-A_01,0.0140365
190-A_02,0.0173307
190-A_03,0.0154688
190-A_04,0.0134115
190-A_05,0.0283854
190-B_06,0.0223177
190-B_07,0.0117188
190-B_08,0
190-B_09,0.016875
190-B_10,0.016875
191-A_01,0.067526
191-A_02,0.0707813
191-A_03,0.0336458
191-A_04,0.0317969
191-A_05,0.0336458
191-B_06,0.0133854
191-B_07,0.0132031
191-B_08,0.254635
191-B_09,0.227708
191-B_10,0.20724
192-A_01,0.00876302
192-A_02,0.0040625
192-A_03,0.0165885
192-A_04,0.009375
192-A_05,0.0152734
192-B_06,0.00570313
192-B_07,0.0109505
192-B_08,0
192-B_09,0.0125781
192-B_10,0.00852865
193-A_01,0.0107682
193-A_02,0.00945313
193-A_03,0.0186328
193-A_04,0.0141536
193-A_05,0.019987
193-B_06,0.0117318
193-B_07,0.00809896
193-B_08,0.0116797
193-B_09,0.0340885
193-B_10,0.0491927
194-A_01,0.0170573
194-A_02,0.0126823
194-A_03,0.00914063
194-A_04,0.0264063
194-A_05,0.0101823
194-B_06,0.00257813
194-B_07,0.0138542
194-B_08,0.0116536
194-B_09,0.0132813
194-B_10,0.00916667
195-A_01,0.00964844
195-A_02,0
195-A_03,0.00768229
195-A_04,0.0138802
195-A_05,0.0127604
195-B_06,0.00928385
195-B_07,0.0101302
195-B_08,0.00639323
195-B_09,0.00546875
195-B_10,0.0115495
196-A_01,0.0590365
196-A_02,0.0157813
196-A_03,0.0190104
196-A_04,0.00911458
196-A_05,0.00901042
196-B_06,0.0124479
196-B_07,0.00888021
196-B_08,0.0120573
196-B_09,0.0105208
196-B_10,0.0251823
197-A_01,0.0130729
197-A_02,0.0100781
197-A_03,0.00841146
197-A_04,0.0102604
197-A_05,0.0120573
197-B_06,0.01
197-B_07,0.0491797
197-B_08,0.015651
197-B_09,0.0198698
197-B_10,0.0261458
198-A_01,0.0172656
198-A_02,0.0153646
198-A_03,0.0315365
198-A_04,0.0151823
198-A_05,0.0264583
198-B_06,0.382799
198-B_07,0.0646094
198-B_08,0.317604
198-B_09,0.383216
198-B_10,0.144245
199-A_01,0.0103646
199-A_02,0.0182552
199-A_03,0.0138802
199-A_04,0.0121615
199-A_05,0.0100781
199-B_06,0.0161849
199-B_07,0.00621094
199-B_08,0.00416667
199-B_09,0.00416667
199-B_10,0.00652344
200-A_01,0.0261979
200-A_02,0.288268
200-A_03,0.279349
200-A_04,0.279557
200-A_05,0.0247266
200-B_06,0.330586
200-B_07,0.326029
200-B_08,0.24276
200-B_09,0.312461
200-B_10,0.0164844
201-A_01,0.0608464
201-A_02,0.0551823
201-A_03,0.0721484
201-A_04,0.00998698
201-A_05,0.0625911
201-B_06,0.00328125
201-B_07,0.0167839
201-B_08,0.00977865
201-B_09,0.0102734
201-B_10,0.0138411
202-A_01,0.0105469
202-A_02,0.013151
202-A_03,0.0172917
202-A_04,0.00842448
202-A_05,0.00927083
202-B_06,0.0221094
202-B_07,0.0118099
202-B_08,0.0119271
202-B_09,0.0197656
202-B_10,0.0120833
203-A_01,0.0518099
203-A_02,0.0439583
203-A_03,0.0222917
203-A_04,0.0129948
203-A_05,0.00458333
203-B_06,0.0175
203-B_07,0.0122656
203-B_08,0
203-B_09,0.020026
203-B_10,0.0170833
204-A_01,0
204-A_02,0.00779948
204-A_03,0.0110156
204-A_04,0.00867188
204-A_05,0.0119401
204-B_06,0.327122
204-B_07,0.38237
204-B_08,0.305104
204-B_09,0.378073
204-B_10,0.0386198
205-A_01,0.0116276
205-A_02,0.00322917
205-A_03,0.0170052
205-A_04,0.021224
205-A_05,0.00322917
205-B_06,0.0186458
205-B_07,0.0127083
205-B_08,0.0116016
205-B_09,0.00875
205-B_10,0.00875
206-A_01,0.00798177
206-A_02,0.00364583
206-A_03,0.010026
206-A_04,0.00929688
206-A_05,0.00390625
206-B_06,0.0147266
206-B_07,0.0164193
206-B_08,0.0115234
206-B_09,0.0176432
206-B_10,0.0149089
207-A_01,0.0122135
207-A_02,0.00533854
207-A_03,0.0248438
207-A_04,0.010026
207-A_05,0.00923177
207-B_06,0.0177604
207-B_07,0.0117969
207-B_08,0.0136198
207-B_09,0.0510677
207-B_10,0.0130469
208-A_01,0.016237
208-A_02,0.00897135
208-A_03,0.00955729
208-A_04,0.0181641
208-A_05,0.00928385
208-B_06,0.0143229
208-B_07,0.00773438
208-B_08,0.0158333
208-B_09,0.00539063
208-B_10,0.00895833
209-A_01,0.00865885
209-A_02,0.0435417
209-A_03,0.0136979
209-A_04,0.04625
209-A_05,0.0263151
209-B_06,0.0105729
209-B_07,0.0473047
209-B_08,0.0539453
209-B_09,0.0253255
209-B_10,0.049349
210-A_01,0.00494792
210-A_02,0.0114844
210-A_03,0.00859375
210-A_04,0.00960937
210-A_05,0
210-B_06,0.0127083
210-B_07,0.00559896
210-B_08,0.00992188
210-B_09,0.0209115
210-B_10,0.00863281
211-A_01,0.0283333
211-A_02,0.0272917
211-A_03,0.00998698
211-A_04,0.0186458
211-A_05,0.0202344
211-B_06,0.00959635
211-B_07,0.010651
211-B_08,0.0219531
211-B_09,0.00957031
211-B_10,0.0086849
212-A_01,0.00496094
212-A_02,0.00333333
212-A_03,0.0091276
212-A_04,0.00354167
212-A_05,0.00720052
212-B_06,0.0301693
212-B_07,0.0242969
212-B_08,0.0239323
212-B_09,0.0160677
212-B_10,0.0401432
213-A_01,0.0198958
213-A_02,0.0261589
213-A_03,0.0477734
213-A_04,0.0177083
213-A_05,0.0430208
213-B_06,0.0320833
213-B_07,0.015013
213-B_08,0.024362
213-B_09,0.0102604
213-B_10,0.0160677
214-A_01,0.00773438
214-A_02,0.0113802
214-A_03,0.00895833
214-A_04,0.0172135
214-A_05,0.014375
214-B_06,0.00994792
214-B_07,0.0154688
214-B_08,0.0296094
214-B_09,0.0245313
214-B_10,0.0274479
215-A_01,0.0546094
215-A_02,0.0252734
215-A_03,0.0370833
215-A_04,0.0178255
215-A_05,0.0266927
215-B_06,0.0271875
215-B_07,0.0154688
215-B_08,0.0140625
215-B_09,0.0344792
215-B_10,0.00518229
216-A_01,0.0118229
216-A_02,0.0117448
216-A_03,0.0128385
216-A_04,0.00960937
216-A_05,0.0104427
216-B_06,0.0208073
216-B_07,0.008125
216-B_08,0.0104167
216-B_09,0.00778646
216-B_10,0.00794271
217-A_01,0.0113151
217-A_02,0.0158203
217-A_03,0.0046875
217-A_04,0.0046875
217-A_05,0.0088151
217-B_06,0.0141146
217-B_07,0.0182552
217-B_08,0.025625
217-B_09,0.0664453
217-B_10,0
218-A_01,0.0272005
218-A_02,0.0105729
218-A_03,0.00970052
218-A_04,0.00983073
218-A_05,0.00848958
218-B_06,0.0153906
218-B_07,0.00882813
218-B_08,0.00877604
218-B_09,0.00877604
218-B_10,0.00549479
219-A_01,0.0392188
219-A_02,0.0378906
219-A_03,0.0369401
219-A_04,0.01
219-A_05,0.0102344
219-B_06,0.0588281
219-B_07,0.0136458
219-B_08,0.0602865
219-B_09,0.0110417
219-B_10,0.0195052
220-A_01,0.0146875
220-A_02,0.0138542
220-A_03,0.00529948
220-A_04,0.0103646
220-A_05,0.0126302
220-B_06,0.0523307
220-B_07,0.0120833
220-B_08,0.00960937
220-B_09,0.00916667
220-B_10,0.0135677
221-A_01,0.00591146
221-A_02,0.00358073
221-A_03,0.00878906
221-A_04,0.0105469
221-A_05,0.00613281
221-B_06,0.003125
221-B_07,0.00639323
221-B_08,0.0147005
221-B_09,0.0147266
221-B_10,0.00882813
222-A_01,0.0242578
222-A_02,0.0111849
222-A_03,0.0164193
222-A_04,0.0107813
222-A_05,0.00940104
222-B_06,0.0175
222-B_07,0.0230729
222-B_08,0.011875
222-B_09,0
222-B_10,0.0260938
223-A_01,0.029974
223-A_02,0.0253906
223-A_03,0.0210547
223-A_04,0.0126302
223-A_05,0.0332292
223-B_06,0.0303385
223-B_07,0.0463021
223-B_08,0.0427865
223-B_09,0.0773958
223-B_10,0.0343359
224-A_01,0.0101302
224-A_02,0.00903646
224-A_03,0
224-A_04,0.00397135
224-A_05,0.00981771
224-B_06,0.00544271
224-B_07,0.0113021
224-B_08,0.0161328
224-B_09,0.0096875
224-B_10,0.00776042
